1	1515	[1515?]
2	1515	[1515?]
3	1515	[1515?]
4	1518	[1518?]
5	1518	[1518?]
6	1518	[1518?]
7	1518	[1518?]
8	1522	1522
9	1520	[1520?]
10	1528	[c.1528]
11	1525	[c.1525]
12	1531	[1531]
13	1520	[c.1520]
14	1533	1533
15	1533	1533
16	1533	[1533]
17	1533	1533
18	1533	1533
19	1533	1533
20	1533	1533
21	1534	1534
22	1534	1534
23	1530	[1530?]
24	1530	[c.1530]
25	1530	[c.1530]
26	1530	[c.1530]
27	1544	[1544?]
28	1544	[1544?]
29	1544	[1544?]
30	1545	[c.1545]
31	1547	[1547?]
32	1547	[1547?]
33	1547	[1547?]
34	1548	[1548?]
35	1548	[1548?]
36	1551	[1551?]
37	1550	[c.1550]
39	1565	[1565?]
40	1559	1559
41	1559	1559
42	1559	1559
43	1560	1560
44	1560	1560
45	1560	1560
46	1560	1560
49	1560	1560
5003	1560	[1560?]
5004	1560	[1560?]
50	1561	1561
51	1561	1561
249	1598	1598
52	1562	[1562?]
53	1562	[1562?]
54	1562	[1562?]
57	1562	[1562?]
55	1563	1563
56	1563	1563
58	1566	[1566?]
59	1565	1565
60	1565	1565
61	1565	1565
62	1565	1565
63	1565	1565
64	1551	[1551?]
65	1551	[1551?]
66	1551	[1551?]
67	1566	1566
68	1566	[1566]
69	1566	1566
70	1566	[1566]
71	1566	[1566?]
72	1566	1566
73	1566	1566
74	1567	1567
75	1567	1567
76	1568	1568
77	1568	1568
78	1568	1568
80	1558	[1558]
81	1566	[1566?]
82	1569	[1569]
83	1570	[1570?]
84	1570	[1570]
85	1570	[1570?]
86	1570	[1570?]
87	1570	[1570?]
88	1570	1570
89	1571	1571
90	1571	1571
91	1573	1573
92	1573	[1573?]
93	1574	[1574?]
94	1575	1575
5011.01	1575	1575
5013.01	1575	1575
95	1575	1575
96	1575	1575
97	1575	1575
99	1576	[1576]
100	1576	[1576]
98	1575	1575
101	1576	1576
102	1577	1577
103	1578	1578
104	1578	[1578]
105	1578	[1578]
106	1578	[1578]
107	1578	1578
108	1581	[1581]
109	1581	1581
110	1581	1581
111	1584	1584
112	1584	1584
113	1584	1584
114	1584	1584
115	1584	1584
116	1584	1584
117	1584	1584
118	1584	1584
119	1584	1584
120	1584	1584
121	1585	1585
122	1585	1585
123	1585	[1585]
124	1587	1587
126	1588	1588
127	1589	1589
128	1590	1590
129	1590	1590
130	1590	1590
131	1590	1590
5020.01	1591	1591
5024	1592	1592
132	1591	1591
133	1591	1591
134	1591	[1591]
137	1591	1591
138	1591	1591
139	1591	1591
140	1592	1592
141	1592	1592
142	1592	1592
144	1592	1592
143	1592	1592
145	1592	1592
5024.01	1592	1592
146	1592	1592
147	1592	[1592?]
148	1592	[1592?]
149	1592	[1592?]
150	1592	[1592]
151	1592	[1592]
152	1592	[1592]
153	1592	[1592]
154	1592	[1592]
155	1592	[1592]
156	1592	[1592]
157	1592	[1592]
158	1592	[1592]
159	1592	[1592]
160	1592	[1592]
161	1592	[1592]
5026	1592	1592
162	1593	1593
163	1593	1593
164	1591	[1591?]
165	1591	[1591?]
166	1593	1593
167	1593	1593
168	1594	1594
169	1594	1594
170	1594	1594
171	1594	1594
172	1594	1594
173	1594	1594
174	1594	1594
175	1594	1594
176	1594	1594
177	1594	1594
178	1594	1594
179	1594	1594
180	1594	1594
181	1594	1594
182	1594	1594
183	1594	1594
184	1594	1594
185	1594	1594
186	1594	1594
187	1594	1594
188	1594	1594
189	1594	1594
190	1594	1594
191	1594	1594
192	1594	1594
193	1594	1594
194	1594	1594
195	1594	1594
196	1594	1594
197	1594	1594
198	1594	1594
199	1594	1594
200	1594	1594
201	1594	1594
202	1594	1594
203	1594	1594
204	1594	1594
205	1594	1594
206	1594	1594
207	1594	[1594?]
208	1595	1595
209	1595	1595
210	1595	1595
211	1595	1595
212	1595	1595
213	1595	1595
214	1596	1596
215	1596	1596
216	1596	1596
217	1597	1597
218	1597	1597
219	1597	1597
220	1597	1597
221	1597	1597
222	1597	1597
223	1597	1597
224	1597	1597
225	1597	1597
226	1597	1597
227	1597	1597
228	1597	1597
229	1597	1597
230	1597	1597
231	1597	1597
232	1597	1597
233	1597	1597
234	1597	1597
235	1597	1597
236	1597	1597
237	1597	1597
238	1597	1597
239	1597	1597
240	1598	1598
241	1598	1598
242	1598	1598
243	1598	1598
244	1598	1598
245	1598	1598
246	1598	1598
247	1598	1598
248	1598	1598
250	1598	1598
251	1598	1598
252	1598	1598
253	1598	1598
254	1598	1598
255	1598	1598
256	1598	1598
257	1598	1598
258	1598	1598
259	1598	1598
260	1598	1598
261	1598	1598
262	1598	1598
263	1598	1598
265	1598	1598
266	1598	1598
267	1598	1598
268	1598	1598
269	1598	1598
270	1598	1598
271	1598	1598
272	1598	1598
273	1598	1598
274	1599	1599
275	1599	1599
276	1599	1599
277	1599	1599
278	1599	1599
279	1599	1599
280	1599	1599
281	1599	1599
282	1599	1599
283	1600	1600
284	1600	1600
285	1600	1600
286	1600	1600
287	1600	1600
288	1600	1600
289	1600	1600
290	1600	1600
291	1600	1600
292	1600	1600
293	1600	1600
294	1600	1600
295	1600	1600
296	1600	1600
297	1600	1600
298	1600	1600
299	1600	1600
300	1600	1600
301	1600	1600
302	1600	1600
303	1600	1600
304	1600	1600
305	1600	1600
306	1600	1600
307	1600	1600
308	1600	1600
309	1600	1600
310	1600	1600
311	1600	1600
312	1600	1600
313	1601	1601
314	1601	1601
315	1601	1601
316	1601	1601
317	1601	1601
318	1601	1601
319	1601	1601
320	1601	1601
321	1601	1601
322	1601	1601
323	1602	1602
326	1602	1602
327	1602	1602
329	1602	1602
324	1602	1602
325	1602	1602
328	1602	1602
330	1602	1602
331	1602	1602
332	1602	1602
333	1602	1602
334	1602	1602
335	1602	1602
336	1602	1602
337	1602	1602
338	1602	1602
339	1602	1602
340	1602	1602
341	1602	1602
342	1602	1602
343	1602	1602
344	1602	1602
345	1603	1603
369	1604	1604
370	1604	1604
371	1604	1604
346	1603	1603
347	1603	1603
348	1603	1603
349	1603	1603
350	1603	1603
351	1603	1603
352	1603	1603
353	1603	1603
354	1603	1603
355	1603	1603
356	1604	1604
357	1604	1604
358	1604	1604
359	1604	1604
360	1604	1604
361	1604	1604
362	1604	1604
363	1604	1604
364	1604	1604
365	1604	1604
367	1604	1604
366	1604	1604
368	1604	1604
372	1604	1604
373	1604	1604
374	1604	1604
375	1604	1604
376	1604	1604
377	1604	1604
378	1604	1604
379	1604	1604
380	1604	1604
381	1604	1604
382	1604	1604
383	1605	1605
384	1605	1605
385	1605	1605
386	1605	1605
387	1605	1605
388	1605	1605
389	1605	1605
390	1605	1605
391	1605	1605
392	1605	1605
393	1605	1605
394	1605	1605
395	1605	1605
396	1605	1605
397	1605	1605
398	1605	1605
399	1605	1605
400	1605	1605
401	1605	1605
402	1605	1605
403	1605	1605
404	1605	1605
405	1605	1605
406	1605	[1605]
407	1605	1605
408	1605	1605
409	1605	1605
410	1605	1605
411	1605	1605
412	1606	1606
413	1606	1606
414	1606	1606
415	1606	1606
416	1606	1606
417	1606	1606
418	1606	1606
419	1606	1606
420	1606	1606
421	1606	1606
422	1606	1606
423	1606	1606
424	1606	1606
425	1606	[1606]
426	1606	1606
427	1606	1606
428	1606	1606
429	1606	1606
430	1606	[1606?]
431	1606	[1606?]
432	1606	[1606?]
433	1606	1606
434	1606	1606
435	1606	1606
436	1606	1606
437	1606	1606
438	1606	1606
439	1606	1606
441	1606	1606
442	1606	1606
443	1606	1606
444	1606	1606
445	1606	1606
446	1606	1606
447	1606	1606
448	1606	1606
449	1606	1606
450	1607	1607
451	1607	1607
452	1607	1607
453	1607	1607
454	1607	1607
455	1607	1607
456	1607	1607
457	1607	1607
458	1607	1607
459	1607	1607
460	1607	1607
461	1607	1607
462	1607	1607
463	1607	1607
464	1607	1607
465	1607	1607
466	1607	1607
467	1607	1607
468	1607	1607
469	1607	1607
470	1607	1607
471	1607	1607
472	1607	1607
473	1607	1607
474	1607	1607
475	1607	1607
476	1607	1607
477	1607	1607
478	1607	1607
479	1607	1607
480	1607	1607
481	1607	1607
482	1607	1607
484	1607	1607
485	1607	1607
486	1607	1607
483	1607	1607
487	1607	1607
488	1607	1607
489	1607	1607
490	1607	1607
491	1607	1607
492	1607	1607
493	1607	1607
494	1607	1607
495	1607	1607
496	1607	1607
497	1607	1607
498	1607	1607
499	1607	1607
500	1607	1607
501	1607	1607
502	1607	1607
503	1607	1607
504	1607	1607
528	1608	1608
529	1608	1608
505	1607	1607
506	1608	1608
507	1608	1608
508	1608	1608
509	1608	1608
511	1608	1608
512	1608	1608
513	1608	1608
514	1608	1608
515	1608	1608
516	1608	1608
517	1608	1608
518	1608	1608
519	1608	1608
520	1608	[1608]
521	1608	1608
522	1608	1608
523	1608	1608
524	1608	1608
525	1608	1608
526	1608	1608
527	1608	1608
530	1608	1608
531	1608	1608
532	1608	1608
533	1608	1608
534	1608	1608
535	1608	1608
536	1609	1609
537	1609	1609
538	1609	1609
539	1609	1609
540	1609	1609
541	1609	1609
542	1609	1609
543	1609	1609
544	1609	1609
545	1609	1609
546	1609	1609
547	1609	1609
548	1609	1609
549	1609	1609
550	1609	1609
551	1609	1609
552	1609	1609
553	1610	1610
554	1610	1610
555	1610	[1610?]
556	1610	[1610?]
557	1610	[1610?]
558	1610	[1610?]
559	1610	1610
560	1610	1610
561	1610	1610
5071.01	1610	1610
562	1611	1611
563	1611	1611
564	1611	1611
565	1611	1611
566	1611	1611
567	1611	1611
568	1611	1611
569	1611	1611
570	1611	1611
571	1611	1611
573	1611	1611
572	1611	1611
574	1611	1611
575	1612	1612
576	1612	1612
577	1612	1612
578	1612	1612
579	1612	1612
580	1616	1616
581	1616	1616
582	1612	1612
583	1612	1612
584	1612	1612
585	1613	1613
586	1613	1613
587	1613	1613
609	1614	1614
610	1614	1614
611	1614	1614
612	1614	1614
613	1614	1614
588	1613	[1613]
589	1613	[1613]
590	1613	[1613]
591	1613	[1613]
592	1613	[1613]
593	1613	1613
595	1613	1613
597	1613	1613
598	1613	1613
599	1613	1613
600	1613	1613
601	1613	1613
602	1613	1613
603	1613	1613
604	1613	1613
605	1613	1613
606	1613	1613
607	1614	1614
608	1614	1614
614	1614	1614
615	1614	1614
616	1615	1615
617	1615	1615
618	1615	1615
619	1615	1615
620	1615	1615
621	1615	1615
622	1615	1615
623	1615	1615
624	1615	1615
625	1615	1615
626	1615	1615
627	1615	1615
628	1615	1615
629	1615	1615
630	1615	1615
697	1622	1622
698	1622	1622
699	1622	1622
631	1615	1615
632	1615	1615
633	1616	1616
634	1616	1616
635	1616	1616
636	1616	1616
637	1616	1616
638	1616	1616
640	1616	1616
639	1616	1616
641	1616	1616
642	1616	1616
643	1616	1616
644	1616	1616
645	1616	1616
646	1616	1616
647	1616	1616
648	1617	1617
649	1617	1617
653	1618	1618
654	1618	1618
656	1618	1618
650	1617	1617
651	1617	1617
652	1617	1617
655	1618	1618
657	1618	1618
658	1618	1618
659	1618	1618
660	1619	1619
661	1619	1619
662	1619	1619
663	1619	1619
664	1619	1619
665	1619	1619
666	1619	1619
667	1619	1619
668	1619	1619
694	1622	1622
695	1622	1622
696	1622	1622
669	1619	1619
670	1619	1619
671	1619	1619
672	1619	1619
673	1619	1619
674	1619	1619
675	1619	1619
676	1620	1620
677	1620	1620
678	1620	1620
679	1620	1620
680	1620	1620
681	1620	1620
682	1620	1620
683	1620	1620
684	1620	1620
685	1620	1620
686	1620	1620
691	1621	1621
692	1621	1621
693	1621	1621
687	1620	1620
688	1620	1620
5078.10	1621	1621
689	1620	1620
690	1621	1621
700	1622	1622
701	1622	[1622]
702	1622	[1622]
703	1622	1622
704	1622	1622
705	1622	1622
708	1622	1622
706	1622	1622
707	1622	1622
709	1623	[1623]
710	1623	1623
711	1623	1623
894	1638	1638
902	1638	1638
1070	1653	1653
1071	1653	1653
712	1623	1623
713	1623	1623
714	1623	1623
715	1623	1623
716	1623	1623
717	1624	[1624]
718	1624	1624
719	1624	1624
720	1624	1624
721	1624	1624
722	1624	1624
723	1624	1624
724	1625	[1625]
725	1625	[1625]
726	1625	[1625]
727	1625	[1625]
728	1625	[1625]
731	1628	1628
736	1629	1629
729	1626	1626
730	1627	1627
732	1628	1628
733	1628	1628
734	1629	1629
735	1629	1629
737	1629	1629
738	1629	1629
739	1629	1629
740	1629	1629
741	1629	1629
742	1629	1629
743	1629	1629
807	1633	1633
808	1633	1633
809	1633	1633
744	1629	1629
745	1629	1629
746	1629	1629
747	1629	1629
748	1630	1630
749	1630	1630
750	1630	1630
751	1630	1630
752	1630	1630
753	1630	1630
754	1630	1630
755	1630	1630
756	1630	1630
758	1630	1630
760	1630	1630
761	1631	1631
767	1631	1631
768	1631	1631
769	1631	1631
762	1631	1631
763	1631	1631
764	1631	1631
765	1631	1631
766	1631	1631
770	1631	1631
771	1631	1631
772	1631	1631
773	1631	1631
774	1631	1631
775	1631	1631
777	1631	1631
778	1631	1631
890	1638	1638
893	1638	1638
895	1638	1638
779	1631	1631
780	1631	1631
781	1631	1631
782	1631	[1631]
783	1631	1631
784	1631	1631
785	1631	1631
786	1631	1631
787	1632	1632
788	1632	1632
789	1632	1632
790	1632	1632
792	1632	1632
793	1632	1632
794	1632	1632
795	1632	1632
797	1632	1632
798	1632	1632
799	1632	1632
796	1632	1632
800	1632	1632
801	1632	1632
802	1632	1632
803	1632	1632
804	1632	1632
805	1632	1632
806	1632	1632
810	1633	1633
811	1633	1633
1072	1653	1653
1075	1653	1653
1077	1653	1653
812	1633	1633
813	1633	1633
814	1633	1633
815	1633	1633
816	1633	1633
817	1633	1633
818	1633	1633
819	1633	1633
820	1633	1633
821	1633	1633
822	1633	1633
823	1633	1633
824	1633	1633
825	1633	1633
826	1633	1633
828	1633	1633
832	1634	1634
835	1634	1634
836	1634	1634
837	1634	1634
830	1633	1633
831	1633	1633
833	1634	1634
834	1634	1634
838	1634	1634
839	1634	1634
840	1634	1634
841	1634	1634
842	1635	1635
843	1635	1635
844	1635	1635
845	1635	1635
848	1635	1635
846	1635	1635
847	1635	1635
849	1636	1636
866	1637	1637
869	1637	1637
891	1638	1638
850	1636	1636
851	1636	1636
1182	1660	1660
853	1636	1636
854	1636	1636
855	1636	1636
856	1636	1636
857	1636	1636
858	1636	1636
859	1636	1636
860	1636	1636
861	1636	1636
862	1636	1636
863	1637	1637
864	1637	1637
865	1637	1637
867	1637	1637
868	1637	1637
870	1637	1637
871	1637	1637
872	1637	1637
873	1637	1637
874	1637	1637
875	1637	1637
876	1637	1637
877	1637	1637
878	1637	1637
879	1637	1637
880	1637	1637
881	1637	1637
882	1638	1638
883	1638	1638
884	1638	1638
886	1638	1638
887	1638	1638
888	1638	1638
889	1638	1638
885	1638	1638
892	1638	1638
896	1638	1638
897	1638	1638
898	1638	1638
899	1638	1638
900	1638	1638
901	1638	1638
903	1638	1638
904	1638	1638
905	1638	1638
906	1638	1638
907	1638	1638
1164	1658	1658
1165	1658	1658
1166	1658	1658
1167	1658	1658
908	1638	1638
909	1638	1638
910	1638	1638
911	1639	1639
912	1639	1639
913	1639	1639
915	1639	1639
918	1639	1639
919	1639	1639
920	1639	1639
921	1639	1639
922	1639	1639
923	1639	1639
924	1639	1639
925	1639	1639
926	1639	1639
927	1639	1639
928	1639	1639
929	1639	1639
935	1639	1639
930	1639	1639
931	1639	1639
932	1639	1639
933	1639	1639
934	1639	1639
936	1639	1639
937	1639	1639
938	1639	1639
939	1639	1639
940	1639	1639
941	1639	1639
942	1639	1639
943	1639	1639
944	1639	1639
945	1640	1640
946	1640	1640
972	1640	1640
973	1640	1640
974	1640	1640
947	1640	1640
948	1640	1640
949	1640	1640
950	1640	1640
951	1640	1640
952	1640	1640
953	1640	1640
954	1640	1640
956	1640	1640
958	1640	1640
960	1640	1640
962	1640	1640
963	1640	1640
964	1640	1640
966	1640	1640
967	1640	1640
968	1640	1640
965	1640	1640
969	1640	1640
970	1640	1640
975	1640	1640
976	1640	1640
977	1640	1640
978	1640	1640
979	1640	1640
980	1640	1640
981	1640	1640
983	1640	1640
984	1640	1640
985	1640	1640
986	1640	1640
987	1641	1641
988	1641	1641
989	1641	1641
1068	1653	1653
1069	1653	1653
990	1641	1641
991	1641	1641
992	1641	1641
993	1641	1641
994	1642	[1642]
995	1642	[1642]
996	1642	[1642]
997	1642	1642
998	1642	1642
999	1643	1643
1000	1643	1643
1001	1646	1646
1002	1646	1646
1003	1646	1646
1004	1646	1646
1005	1647	1647
1006	1647	1647
1007	1647	1647
1009	1647	1647
1011	1647	1647
1012	1647	1647
1013	1648	1648
1008	1647	1647
1010	1647	1647
5178.01	1648	1648
1015	1648	1648
1016	1648	1648
1017	1648	1648
1018	1648	1648
1019	1648	1648
1020	1648	1648
1021	1648	1648
1022	1648	1648
1023	1648	1648
1024	1648	1648
1025	1648	1648
1026	1648	1648
1027	1648	1648
1028	1648	1648
1029	1649	1649
1030	1649	1649
1031	1649	1649
1032	1649	1649
1063	1652	1652
1065	1652	1652
1066	1652	1652
1067	1652	1652
1033	1649	1649
1034	1649	1649
1035	1649	1649
1036	1649	1649
1037	1649	1649
1038	1649	1649
1039	1649	1649
1040	1649	1649
1041	1649	1649
1042	1649	1649
1043	1649	1649
1044	1649	1649
1045	1649	1649
1046	1649	1649
1047	1649	1649
1048	1649	1649
1049	1650	1650
1050	1650	1650
1051	1651	1651
1052	1651	1651
1053	1651	1651
1054	1651	1651
1055	1651	1651
1057	1651	1651
1061	1652	1652
1056	1651	1651
1058	1652	1652
1059	1652	1652
1060	1652	1652
1062	1652	1652
1064	1652	1652
1073	1653	1653
1074	1653	1653
1076	1653	1653
1078	1653	1653
1079	1653	1653
1080	1652	1652
1081	1652	1652
1168	1659	1659
1169	1659	1659
1170	1659	1659
1171	1659	1659
1082	1652	1652
1083	1652	1652
1084	1652	1652
1085	1653	1653
1086	1654	1654
1087	1654	1654
1088	1654	1654
1089	1654	1654
1090	1654	1654
1091	1654	1654
1092	1654	1654
1093	1654	1654
1094	1654	1654
1095	1654	1654
1096	1654	1654
1097	1654	1654
1098	1654	1654
1100	1654	1654
1101	1654	1654
1102	1655	1655
1099	1654	1654
1103	1655	1655
1104	1655	1655
1105	1655	1655
5159.01	1655	1655
5166.01	1656	1656
1106	1655	1655
1107	1655	1655
1109	1655	1655
1110	1655	1655
1111	1655	1655
1112	1655	1655
1113	1655	1655
1114	1655	1655
1115	1655	1655
1116	1655	1655
1117	1656	1656
1118	1656	1656
1119	1656	1656
1120	1656	1656
1121	1656	1656
1122	1656	1656
1123	1656	1656
1124	1656	1656
1125	1656	1656
1130	1656	1656
1131	1656	1656
1126	1656	1656
1127	1656	1656
1128	1656	1656
1129	1656	1656
5166	1656	1656
5167	1656	1656
5168	1656	1656
1153	1658	1658
1132	1657	1657
1133	1657	1657
1134	1657	1657
1135	1657	1657
1136	1657	1657
1138	1657	1657
1141	1657	1657
1144	1657	1657
1147	1657	1657
1137	1657	1657
1139	1657	1657
1140	1657	[1657?]
1142	1657	1657
1143	1657	1657
1145	1657	1657
1146	1657	1657
1148	1657	1657
1149	1658	1658
1150	1658	1658
1151	1658	1658
1152	1658	1658
1154	1658	1658
1155	1658	1658
1156	1658	1658
1157	1658	1658
1160	1658	1658
1158	1658	1658
1159	1658	1658
1161	1658	1658
1162	1658	1658
1163	1658	1658
1172	1659	1659
1173	1659	1659
1174	1659	1659
1175	1659	1659
1176	1659	1659
1177	1659	1659
1178	1659	1659
1179	1660	1660
1180	1660	1660
1181	1660	1660
1183	1581	1581
1184	1592	1592
1186	1603	1603
1188	1603	1603
1189	1603	1603
1190	1607	1607
1192	1615	1615
1193	1630	1630
1195	1630	1630
1196	1630	1630
1197	1630	1630
1198	1631	1631
1199	1632	1632
1200	1632	1632
1201	1632	1632
1202	1633	1633
1203	1635	1635
1205	1636	1636
1206	1638	1638
1207	1638	1638
1208	1640	1640
1209	1640	1640
1210	1641	1641
1212	1658	1658
5000	1512	[1512-16?]
5000.01	1512	[1512-16?]
5000.02	1512	[1512-16?]
5001	1525	[c.1525]
5001.01	1525	[c.1525]
5001.02	1525	[c.1525]
5002	1530	[1530-34?]
5002.01	1530	[1530-34?]
5002.02	1530	[1530-34?]
5005	1570	[c.1570]
5005.01	1565	1565
5006	1573	1573
5006.03	1573	1573
5006.01	1573	1573
5006.02	1573	1573
5007	1573	1573
5007.01	1573	1573
5007.02	1573	1573
5007.03	1573	1573
5008	1573	1573
5014	1578	1578
5014.01	1578	1578
5014.02	1578	1578
5015	1581	1581
5015.06	1559	1559
5015.02	1560	1560
5015.01	1561	1561
5172	1657	1657
5015.05	1563	1563
5015.09	1566	[1566]
5015.03	1581	1581
5015.08	1566	1566
5015.07	1566	1566
5015.04	1581	1581
5015.10	1581	1581
5009	1573	1573
5009.01	1573	1573
5009.04	1576	1576
5009.03	1573	1573
5009.02	1573	1573
5010	1573	1573
5017	1590	1590
5017.01	1590	1590
5017.02	1590	1590
5021	1591	1591
5021.01	1591	1591
5021.02	1591	1591
5025	1592	1592
5025.01	1592	1592
5025.02	1592	1592
5018	1590	1590
5018.01	1590	1590
5018.02	1590	1590
5027	1594	1594
5027.01	1594	1594
5028	1594	1594
5028.01	1594	1594
5019	1590	1590
5019.01	1590	1590
5019.02	1590	1590
5029	1594	1594
5029.01	1594	1594
5030	1590	1590
5030.01	1598	1598
5047	1599	1599
5047.01	1594	1594
5048	1599	1599
5048.01	1599	1599
5048.02	1599	1599
5031	1590	1590
5031.01	1598	1598
5049	1599	1599
5049.01	1599	1599
5049.02	1599	1599
5054.01	1594	1594
5054	1601	1601
5055	1601	1601
5056	1602	1602
5056.01	1602	1602
5056.02	1602	1602
5057	1602	1602
5060	1604	1604
5060.02	1603	1603
5060.01	1604	1604
5059	1604	1604
5059.01	1604	1604
5059.02	1604	1604
5058	1602	1602
5063	1605	1605
5063.01	1594	1594
5063.02	1605	1605
5050	1599	1599
5050.01	1599	1599
5050.02	1599	1599
5032	1590	1590
5032.01	1598	1598
5033	1590	1590
5061	1604	1604
5061.01	1607	1607
5061.02	1607	1607
5061.03	1607	1607
5067	1607	1607
5067.01	1605	1605
5064	1607	1607
5051	1599	1599
5051.01	1599	1599
5051.02	1599	1599
5072.01	1613	1613
5072.02	1613	1613
5064.02	1594	1594
5064.03	1594	1594
5064.01	1605	1605
5064.04	1606	1606
5069	1608	1608
5069.01	1608	1608
5069.02	1608	1608
5068	1608	1608
5068.01	1608	1608
5068.02	1608	1608
5068.03	1608	1608
5022	1591	1591
5022.01	1591	1591
5022.02	1591	1591
5065	1607	1607
5065.03	1594	1594
5065.04	1594	1594
5073	1613	1613
5073.01	1613	1613
5073.02	1613	1613
5065.01	1605	1605
5065.02	1605	1605
5065.05	1606	1606
5066	1607	1607
5072	1613	1613
5034	1590	1590
5034.01	1598	1598
5035	1590	1590
5062	1604	1604
5062.02	1603	1603
5062.01	1604	1604
5062.03	1607	1607
5062.04	1607	1607
5074	1616	1616
5074.02	1600	1600
5074.03	1600	1600
5074.04	1600	1600
5078.07	1621	1621
5078.08	1621	1621
5102.01	1602	1602
5074.05	1600	1600
5074.01	1601	1601
5074.06	1601	1601
5074.07	1601	1601
5074.08	1602	1602
5074.09	1602	1602
5074.10	1602	1602
5074.17	1604	1604
5074.18	1604	1604
5074.11	1605	1605
5074.24	1606	1606
5074.12	1607	1607
5074.22	1608	1608
5074.23	1608	1608
5074.26	1609	1609
5074.16	1611	1611
5074.15	1612	1612
5074.19	1616	1616
5074.20	1616	1616
5074.21	1616	1616
5074.13	1616	1616
5074.14	1616	1616
5074.27	1616	1616
5074.28	1616	1616
5074.29	1616	1616
5074.30	1616	1616
5074.31	1616	1616
5074.32	1616	1616
5074.33	1616	1616
5074.34	1616	1616
5075	1616	1616
5052	1599	1599
5052.01	1599	1599
5052.02	1599	1599
5077	1619	1619
5077.01	1594	1594
5077.02	1595	1595
5077.03	1609	1609
5078	1621	1621
5078.01	1621	1621
5078.02	1621	1621
5078.03	1621	1621
5078.04	1621	1621
5078.05	1621	1621
5078.06	1621	1621
5078.09	1621	1621
5036	1590	1590
5036.01	1598	1598
5023	1591	1591
5023.01	1591	1591
5023.02	1591	1591
5037	1590	1590
5038	1590	1590
5039	1590	1590
5079	1623	1623
5079.05	1594	1594
5079.04	1604	1604
5079.01	1605	1605
5079.03	1606	1606
5079.02	1615	1615
5081.27	1594	1594
5081.21	1594	1594
5081.11	1594	1594
5081.22	1595	1595
5081	1623	1623
5081.16	1597	1597
5081.23	1597	1597
5081.28	1597	1597
5081.17	1598	1598
5081.07	1598	1598
5081.19	1600	1600
5081.18	1600	1600
5081.06	1600	1600
5081.08	1600	1600
5081.09	1600	1600
5081.03	1602	1602
5081.32	1603	1603
5081.33	1608	1608
5081.25	1609	1609
5081.34	1622	1622
5081.01	1623	1623
5081.02	1623	1623
5081.04	1623	1623
5053.02	1599	1599
5090	1627	1627
5090.01	1627	1627
5090.02	1627	1627
5081.05	1623	1623
5081.10	1623	1623
5081.12	1623	1623
5081.13	1623	1623
5081.14	1623	1623
5081.15	1623	1623
5081.20	1623	1623
5081.26	1623	1623
5081.29	1623	1623
5081.30	1623	1623
5081.31	1623	1623
5081.35	1623	1623
5081.36	1623	1623
5081.24	1623	1623
5040	1590	1590
5070	1608	1608
5070.01	1608	1608
5070.02	1608	1608
5053	1599	1599
5053.01	1599	1599
5041	1590	1590
5041.01	1598	1598
5042	1590	1590
5043	1590	1590
5091	1630	1630
5091.01	1630	1630
5091.02	1630	1630
5092	1630	1630
5092.01	1630	1630
5092.02	1630	1630
5093	1630	1630
5093.01	1630	1630
5093.02	1630	1630
5097	1631	1631
5097.01	1631	1631
5097.02	1631	1631
5097.04	1631	1631
5097.03	1631	1631
5094	1630	1630
5094.01	1630	1630
5094.02	1630	1630
5098.01	1591	1591
5098.05	1592	1592
5098.06	1592	1592
5098	1632	1632
5098.03	1584	1584
5098.04	1584	1584
5098.02	1584	1584
5098.07	1594	1594
5098.08	1594	1594
5082	1623	1623
5082.27	1594	1594
5082.21	1594	1594
5082.11	1594	1594
5082.22	1595	1595
5082.16	1597	1597
5082.23	1597	1597
5082.28	1597	1597
5082.17	1598	1598
5082.07	1598	1598
5102	1633	1633
5082.19	1600	1600
5082.18	1600	1600
5082.06	1600	1600
5082.08	1600	1600
5082.09	1600	1600
5082.03	1602	1602
5082.32	1603	1603
5082.33	1608	1608
5082.25	1609	1609
5082.34	1622	1622
5082.01	1623	1623
5082.02	1623	1623
5082.04	1623	1623
5082.05	1623	1623
5082.10	1623	1623
5082.12	1623	1623
5100	1633	1633
5101	1633	1633
5101.01	1633	1633
5101.02	1609	1609
5082.13	1623	1623
5082.14	1623	1623
5082.15	1623	1623
5082.20	1623	1623
5082.26	1623	1623
5082.29	1623	1623
5082.30	1623	1623
5082.31	1623	1623
5082.35	1623	1623
5082.36	1623	1623
5082.24	1623	1623
5083	1623	1623
5084	1623	1623
5102.02	1602	1602
5102.03	1602	1602
5085	1623	1623
5086	1623	1623
5087	1623	1623
5088	1623	1623
5089	1623	1623
5100.01	1628	1628
5103	1633	1633
5102.11	1605	1605
5102.12	1605	1605
5102.09	1606	1606
5102.10	1606	1606
5102.04	1606	1606
5102.05	1606	1606
5102.06	1607	1607
5102.07	1607	1607
5102.08	1607	1607
5044	1590	1590
5044.01	1598	1598
5104	1622	1622
5104.01	1631	1631
5095	1630	1630
5095.01	1630	1630
5095.02	1630	1630
5096	1630	1630
5096.01	1630	1630
5096.02	1630	1630
5106	1637	1637
5106.02	1603	1603
5106.01	1604	1604
5106.03	1607	1607
5106.04	1607	1607
5105	1637	1637
5105.01	1637	1637
5105.02	1637	1637
5105.03	1637	1637
5107.01	1638	1638
5111	1638	1638
5107	1638	1638
5107.02	1638	1638
5111.01	1638	1638
5111.02	1638	1638
5045	1590	1590
5045.01	1598	1598
5119	1639	1639
5119.01	1639	1639
594	1613	1613
5119.02	1639	1639
5109	1638	1638
5110	1638	1638
5108	1638	1638
5118	1639	1639
5118.01	1637	1637
5124.03	1641	1641
5124.06	1641	1641
5124.12	1641	1641
5118.02	1637	1637
5118.03	1638	1638
5118.04	1638	1638
5118.05	1638	1638
5118.06	1638	1638
5118.09	1640	1640
5118.10	1640	1640
5126	1640	1640
5126.01	1634	1634
5124	1631	1631
5124.02	1617	1617
5124.08	1622	[1622]
5124.09	1623	[1623]
5124.10	1624	[1624]
5124.13	1625	[1625]
5124.07	1640	1640
5124.01	1641	1641
5124.16	1641	1641
5124.17	1641	1641
5124.18	1641	1641
5124.19	1641	1641
5124.20	1641	1641
5124.21	1641	1641
5124.04	1641	1641
5124.14	1630	1630
5124.15	1631	[1631]
5124.11	1641	1641
5125	1631	1631
5125.01	1631	1631
5076	1616	1616
5074.25	1608	1608
5076.02	1600	1600
5076.01	1601	1601
5076.03	1601	1601
5020	1591	1591
5076.04	1602	1602
5076.10	1604	1604
5076.11	1604	1604
5076.17	1606	1606
5076.15	1608	1608
5076.16	1608	1608
5076.18	1608	1608
5076.05	1605	1605
5076.06	1607	1607
5076.19	1609	1609
5076.09	1611	1611
5076.08	1612	1612
5076.07	1616	1616
5076.12	1616	1616
5076.13	1616	1616
5076.14	1616	1616
5076.20	1616	1616
5076.21	1616	1616
5076.22	1616	1616
5076.23	1616	1616
5076.24	1616	1616
5076.25	1616	1616
5076.26	1616	1616
5076.27	1616	1616
5120	1640	1640
5120.01	1640	1640
5133	1645	1645
5133.01	1645	1645
5134	1646	1646
5134.01	1646	1646
5121	1640	1640
5123	1640	1640
5120.02	1640	1640
5112	1638	1638
5112.01	1638	1638
5112.02	1638	1638
5113	1638	1638
5130	1640	1640
5130.01	1640	1640
5132	1641	1641
5132.01	1640	1640
5132.02	1641	1641
5127	1640	1640
5127.01	1634	1634
5114	1638	1638
5114.04	1632	1632
5114.01	1638	1638
5114.02	1638	1638
5114.03	1632	1632
5133.02	1637	1637
5135	1646	1646
5135.01	1638	1638
5135.02	1638	1638
5135.04	1642	[1642]
5135.03	1646	1646
5136	1646	1646
5137	1646	1646
5141	1647	1647
5141.01	1647	1647
5141.02	1647	1647
5143	1647	1647
5143.34	1613	[1613]
5138.02	1646	1646
5145.01	1649	1649
5143.01	1647	1647
5143.02	1647	1647
5143.03	1647	1647
5143.04	1647	1647
5143.05	1647	1647
5143.06	1647	1647
5143.07	1647	1647
5143.08	1647	1647
5143.09	1647	1647
5143.10	1647	1647
5143.11	1647	1647
5143.12	1647	1647
5143.13	1647	1647
5143.14	1647	1647
5143.15	1647	1647
5159	1655	1655
5160	1655	1655
5144	1648	1648
5144.01	1648	1648
5144.02	1648	1648
5143.16	1647	1647
5143.17	1647	1647
5143.18	1647	1647
5143.19	1647	1647
5143.20	1647	1647
5143.21	1647	1647
5143.22	1647	1647
5143.23	1647	1647
5143.24	1647	1647
5143.25	1647	1647
5143.26	1647	1647
5143.27	1647	1647
5143.28	1647	1647
5143.29	1647	1647
5143.30	1647	1647
5144.03	1648	1648
5144.04	1648	1648
5138	1646	1646
5138.01	1638	1638
5143.31	1647	1647
5143.32	1647	1647
5143.33	1647	1647
5143.35	1647	1647
5142	1647	1647
5138.03	1642	[1642]
5145	1649	1649
5145.02	1649	1649
5128	1640	1640
5128.01	1634	1634
5129	1640	1640
5146	1651	1651
5146.02	1639	1639
5146.01	1651	1651
5146.03	1651	1651
5165.02	1655	1655
5165.03	1655	1655
5046	1590	1590
5146.04	1651	1651
5146.05	1651	1651
5147	1652	1652
5147.01	1598	1598
5147.02	1599	1599
5147.03	1605	1605
5147.05	1606	1606
5147.04	1606	1606
5147.06	1607	1607
5148	1652	1652
5148.06	1602	1602
5148.07	1602	1602
5148.01	1604	1604
5148.03	1605	1605
5148.05	1606	1606
5148.04	1606	1606
5148.02	1607	1607
5148.08	1613	1613
5116.01	1638	1638
5116.02	1638	1638
5116	1638	1638
264	1598	1598
5117	1638	1638
5116.05	1632	1632
5116.03	1630	1630
5150	1653	1653
5150.01	1613	[1613]
5151	1653	1653
5153	1653	1653
5153.01	1653	1653
5153.02	1653	1653
5153.03	1653	1653
5153.04	1653	1653
5153.05	1653	1653
5155	1653	1653
5155.01	1652	1652
5155.02	1652	1652
5163.02	1655	[1655?]
5165	1655	1655
5165.01	1655	1655
5155.03	1652	1652
5155.04	1652	1652
5155.05	1652	1652
5155.06	1653	1653
5154	1653	1653
5157	1654	1654
5157.01	1654	1654
5157.02	1654	1654
5158	1654	1654
5158.01	1639	1639
914	1639	1639
5158.02	1639	1639
5161	1655	1655
5161.01	1655	1655
5161.02	1655	1655
5162	1655	1655
5162.01	1655	1655
5162.02	1655	1655
5163	1655	[1655?]
5163.01	1655	1655
5163.03	1655	[1655?]
5163.04	1655	[1655?]
5046.01	1598	1598
5164	1655	[1655?]
5164.01	1655	1655
5164.02	1656	1656
5169	1656	1656
5169.01	1631	1631
5169.02	1632	1632
5169.03	1633	1633
5170	1657	1657
5170.01	1657	1657
5170.02	1657	1657
5171	1657	1657
5171.01	1657	1657
5171.02	1657	1657
5131	1640	1640
5131.01	1640	1640
5173	1658	1658
5174	1658	1658
5173.02	1657	1657
5173.03	1658	1658
5173.01	1658	1658
5176	1658	1658
5176.01	1639	1639
5176.03	1648	1648
5179	1658	1658
5179.01	1633	1633
5179.02	1658	1658
5180	1658	1658
791	1632	1632
5139	1646	1646
5139.01	1638	1638
5139.03	1642	[1642]
5139.02	1646	1646
5140.04	1659	1659
5182	1659	1659
5182.02	1658	1658
5182.03	1658	1658
5182.04	1658	1658
5182.05	1658	1658
5175	1658	1658
5182.06	1659	1659
5181	1658	1658
5152	1653	1653
971	1640	1640
757	1630	1630
759	1630	1630
955	1640	1640
957	1640	1640
959	1640	1640
961	1640	1640
1108	1655	1655
5013	1575	1575
1185	1592	1592
5016	1535	c. 1535
5016.01	1565	1565
5011	1575	1575
5012	1575	1575
135	1591	1591
5172.01	1640	1640
5172.02	1640	1640
510	1608	1608
5126.02	1634	1634
5116.04	1630	1630
916	1639	1639
982	1640	1640
5122	1640	1640
5124.05	1641	1641
5182.01	1658	1658
1187	1603	1603
1194	1630	1630
1204	1635	1635
1211	1641	1641
1213	1658	1658
5176.02	1648	1648
5176.04	1648	1648
5156	1653	1653
5156.02	1655	1655
5156.01	1655	1655
776	1631	1631
5080	1635	1635
5004.01	1560	[1560?]
5003.01	1560	[1560?]
125	1576	1576
440	1606	1606
5026.01	1592	1592
5026.02	1592	1592
5026.03	1592	1592
5177	1658	1658
5178	1658	1658
5115	1638	1638
5183	1659	1659
5140	1646	1646
827	1633	1633
829	1633	1633
917	1639	1639
5099	1632	1632
5071	1610	1610
136	1591	1591
852	1636	1636
5149	1652	1652
5149.01	1629	1629
5149.02	1633	1633
5149.03	1633	1633
5149.04	1633	1633
5149.05	1634	1634
5149.06	1638	1638
5149.07	1639	1639
79	1558	[1558]
1191	1607	1607
38	1550	[c.1550]
596	1613	1613
47	None	
48	None	
1014	None	