deep_id,work_id,edition_id
5000.01,1,1
5000.02,2,2
1,3,3
2,3,4
3,3,5
4,4,6
5,4,7
6,4,8
7,4,9
8,5,10
9,6,11
10,7,12
5001.01,8,13
5001.02,9,14
11,10,15
12,11,16
13,12,17
14,13,18
15,14,19
16,14.5,20
17,15,21
18,15,22
19,15,23
20,15,24
21,16,25
22,16,26
5002.01,17,27
5002.02,18,28
23,19,29
24,20,30
25,20,31
26,20,32
27,21,33
28,21,34
29,21,35
30,21.5,36
31,22,37
32,22,38
33,23,39
34,24,40
35,24,41
36,25,42
37,26,43
38,26.5,44
39,27,45
40,28,46
41,28,47
42,28,48
5015.06,28,49
43,29,50
5015.02,29,51
44,30,52
45,30,53
46,31,54
49,31,55
5003.01,32,56
5004.01,32,57
50,33,58
51,34,59
5015.01,34,60
52,35,61
53,35,62
54,35,63
55,36,64
56,36,64
5015.05,36,65
57,37,66
58,38,67
59,39,68
60,39,69
5005.01,39,69
61,39,70
5016.01,39,70
62,40,71
63,40,72
65,41,73
66,41,74
64,41,75
67,42,76
5015.08,42,77
68,43,78
69,44,79
5015.07,44,80
70,45,81
5015.09,45,82
71,46,83
72,47,84
73,47,84
74,48,85
75,49,86
76,50,87
77,50,88
78,50,89
79,51,90
80,51,91
81,52,92
82,53,93
83,54,94
84,55,95
85,56,96
87,56,97
86,56,98
88,57,99
89,58,100
90,58,101
91,59,102
5006.01,60,103
5007.02,60,104
5009.02,60,105
5006.02,61,106
5007.03,61,107
5009.03,61,108
5006.03,62,109
5007.01,62,110
5009.01,62,111
92,63,112
93,64,113
94,65,114
5011.01,66,115
5013.01,66,116
95,67,117
96,68,118
97,68,118
98,68,118
99,69,119
100,69,120
101,70,121
102,71,122
103,72,123
5014.01,73,124
5014.02,74,125
104,75,126
105,75,127
106,76,128
107,76.5,129
108,77,130
109,78,131
110,78,131
5015.03,79,132
5015.04,80,133
5015.10,81,134
111,82,135
112,82,136
113,82,137
5098.03,82,138
5098.04,82,138
114,83,139
115,84,140
116,84,141
117,84,142
118,84,143
5098.02,84,144
119,85,145
120,85,146
121,86,147
122,87,148
123,88,149
124,89,150
125,90,151
5009.04,90,152
126,91,153
127,92,154
128,93,155
5017.01,94,156
5018.01,94,157
5019.01,94,158
129,94,159
5017.02,95,160
5018.02,95,161
5019.02,95,162
130,95,163
131,96,164
5020.01,97,165
132,98,166
133,99,167
5098.01,99,168
134,100,169
5021.01,101,170
5022.01,101,171
5023.01,101,172
135,102,173
5021.02,102,173
5022.02,102,174
5023.02,102,175
136,103,176
137,103,177
138,104,178
139,104,178
140,105,179
5098.05,105,180
141,106,181
5098.06,106,182
142,107,183
143,107,184
144,107,185
145,107,185
5024.01,108,186
146,108,187
147,109,188
148,109,189
149,109,189
150,110,190
151,110,191
152,110,192
153,110,193
154,110,194
155,110,195
156,110,196
157,110,196
158,110,197
159,110,198
160,110,198
161,110,199
5026.01,111.1,200
5026.02,111.2,201
5026.03,111.3,202
162,112,203
163,112,204
164,113,205
165,113,206
166,114,207
167,114,208
168,115,209
169,116,210
170,116,210
171,117,211
172,117,212
173,117,213
5081.27,117,214
5082.27,117,215
174,118,216
175,118,217
176,118,218
177,118,219
178,118,220
179,119,221
180,119,222
5077.01,119,223
5081.21,119,224
5082.21,119,225
181,120,226
182,120,227
183,120,228
5081.11,120,229
184,120,230
5082.11,120,231
185,121,232
186,121,233
187,121,234
188,122,235
189,123,236
190,123,237
191,124,238
192,125,239
193,125,240
5098.07,125,241
5098.08,125,241
194,126,242
195,127,243
196,128,244
197,129,245
198,129,246
199,129,247
200,129,247
201,129,248
202,129,248
203,130,249
204,130,249
205,131,250
5027.01,132,251
5028.01,132,252
5029.01,132,253
206,132,254
5047.01,132,254
5054.01,132,255
5063.01,132,256
5064.02,132,257
5064.03,132,257
5065.03,132,258
5065.04,132,258
5079.05,132,259
207,133,260
208,134,261
209,135,262
210,136,263
211,137,264
212,138,265
213,138,266
5077.02,138,267
5081.22,138,268
5082.22,138,269
214,139,270
215,140,271
216,140,272
217,141,273
218,141,274
219,141,275
220,141,276
221,141,276
222,141,277
5081.16,141,278
5082.16,141,279
223,141,280
224,141,280
225,142,281
226,142,282
227,142,283
228,142,284
229,142,285
230,142,286
5081.23,142,287
231,142,288
5082.23,142,289
232,142,290
233,143,291
234,143,292
235,143,293
5081.28,143,294
236,143,295
237,143,295
5082.28,143,296
238,143,297
239,144,298
240,145,299
241,145,300
242,145,301
243,145,302
244,145,303
245,145,304
246,145,305
5081.17,145,306
247,145,307
5082.17,145,308
248,145,309
249,146,310
5147.01,146,310
250,147,311
251,147,311
252,148,312
253,148,313
254,148,313
255,149,314
256,150,315
5081.07,150,316
257,150,317
5082.07,150,318
258,151,319
259,151,320
260,151,321
261,151,322
262,151,323
263,151,324
264,151,325
265,151,326
266,151,327
267,151,328
268,151,329
269,151,330
270,151,331
271,151,332
272,151,333
273,151,334
5030.01,152,335
5031.01,152,336
5032.01,152,337
5034.01,152,338
5036.01,152,339
5041.01,152,340
5044.01,152,341
5045.01,152,342
5046.01,152,343
5048.01,153,344
5049.01,153,345
5050.01,153,346
5051.01,153,347
5052.01,153,348
5053.01,153,349
5048.02,154,350
5049.02,154,351
5050.02,154,352
5051.02,154,353
5052.02,154,354
5053.02,154,355
274,155,356
275,156,357
276,157,358
277,158,359
278,159,360
279,159,360
5147.02,159,360
280,160,361
281,161,362
282,161,363
283,162,364
284,163,365
285,163,366
286,163,367
5074.02,163,368
5074.03,163,368
5074.04,163,368
5074.05,163,368
5076.02,163,369
287,164,370
288,165,371
289,165,372
290,165,373
5081.19,165,374
5082.19,165,375
291,166,376
292,166,377
293,167,378
294,167,378
5081.18,167,379
5082.18,167,380
295,168,381
5081.06,168,382
5082.06,168,383
296,169,384
297,170,385
298,170,386
5081.08,170,387
5082.08,170,388
299,171,389
300,171,390
301,172,391
302,172,392
5081.09,172,393
5082.09,172,394
303,172,395
304,172,395
305,173,396
306,174,397
307,175,398
308,175,399
309,175,400
310,175,401
311,175,402
312,175,403
313,176,404
5074.01,176,405
5076.01,176,406
314,177,407
315,177,408
316,177,408
317,178,409
318,179,410
319,180,411
320,181,412
321,181,412
5074.06,181,413
5074.07,181,413
5076.03,181,414
322,182,415
323,183,416
324,183,417
325,184,418
5148.06,184,418
5102.01,184,419
326,185,420
5148.07,185,420
5102.02,185,421
5102.03,185,421
327,186,422
5074.08,186,423
5074.09,186,423
5074.10,186,423
5076.04,186,424
328,187,425
329,187,426
5081.03,187,427
330,187,428
5082.03,187,429
331,188,430
332,189,431
333,189,432
334,190,433
335,191,434
336,191,435
337,191,436
338,191,437
339,191,438
340,191,439
341,191,440
342,192,441
5056.01,193,442
5056.02,194,443
343,195,444
344,195,444
345,196,445
346,196,446
5060.02,196,446
5062.02,196,447
5106.02,196,448
347,197,449
348,197,450
349,197,450
350,197,451
351,197,452
5081.32,197,453
5082.32,197,454
352,197,455
353,198,456
354,199,457
355,199,458
5059.01,200,459
5074.17,200,460
5076.10,200,461
5059.02,201,462
5074.18,201,463
5076.11,201,464
356,202,465
357,202,466
358,202,467
359,203,468
5148.01,203,468
360,203,469
361,203,470
362,204,471
363,204,472
364,204,473
365,204,474
366,204,474
367,204,474
368,204,475
369,205,476
370,205,477
371,205,478
372,205,479
373,205,480
374,205,481
375,205,482
376,205,483
377,205,484
378,206,485
379,207,486
380,207,487
5079.04,207,488
381,208,489
382,208,490
5060.01,209,491
5062.01,209,492
5106.01,209,493
383,210,494
384,210,494
385,211,495
386,212,496
387,212,497
388,212,498
389,212,499
390,213,500
391,214,501
5148.03,214,501
5102.11,214,502
5102.12,214,502
392,215,503
393,215,504
394,215,505
395,215,505
396,215,506
397,215,507
398,215,508
399,215,509
400,215,510
401,216,511
5074.11,216,512
5076.05,216,513
402,217,514
403,217,514
404,217,515
405,217,516
406,218,517
407,219,518
5147.03,219,518
408,220,519
409,221,520
410,222,521
411,223,522
5063.02,223,522
5067.01,223,523
5064.01,223,524
5065.01,223,525
5065.02,223,525
5079.01,223,526
412,224,527
413,224,527
414,224,528
415,224,529
416,224,530
417,225,531
418,225,532
419,226,533
5147.05,226,533
420,227,534
5064.04,227,535
5065.05,227,536
5079.03,227,537
421,228,538
422,228,539
423,228,539
424,228,539
425,229,540
426,230,541
5148.05,230,541
427,230,542
5102.09,230,543
5102.10,230,543
428,231,544
429,231,544
5148.04,231,544
5102.04,231,545
5102.05,231,545
430,232,546
431,232,546
432,232,546
433,233,547
434,234,548
435,234,549
436,234,550
437,234,551
438,234,552
439,234,553
440,234,553
441,234,554
442,235,555
443,235,555
444,235,556
445,236,557
446,236,557
447,236,557
448,236,557
5147.04,236,557
449,237,558
5074.24,237,559
5076.17,237,560
450,238,561
451,239,562
452,239,563
453,239,564
454,239,565
455,239,566
456,239,567
457,239,567
458,240,568
459,240,568
460,241,569
461,242,570
462,242,571
463,242,572
464,243,573
465,243,574
466,244,575
467,244,576
468,245,577
469,245,577
470,245,578
471,245,578
472,246,579
473,246,579
5147.06,246,579
474,246,580
475,246,580
476,246,580
477,246,580
478,247,581
479,247,582
480,247,583
481,247,584
482,248,585
483,248,585
484,249,586
485,249,587
486,249,588
487,249,589
488,250,590
489,251,591
490,252,592
5148.02,252,592
5102.06,252,593
5102.07,252,593
5102.08,252,593
491,253,594
492,253,594
493,254,595
494,254,595
495,255,596
496,255,597
497,255,598
498,255,599
499,256,600
500,256,601
501,257,602
502,258,603
503,258,604
504,259,605
505,259,605
5074.12,259,606
5076.06,259,607
5061.01,260,608
5061.02,260,608
5062.03,260,609
5106.03,260,610
5061.03,261,611
5062.04,261,612
5106.04,261,613
506,262,614
507,262,614
508,262,615
509,263,616
510,263,616
511,264,617
512,264,618
513,264,619
514,264,620
515,264,621
516,264,622
517,265,623
518,265,624
5081.33,265,625
5082.33,265,626
519,265,627
520,266,628
521,267,629
522,268,630
5068.01,269,631
5074.22,269,632
5076.15,269,633
5068.02,270,634
5074.23,270,635
5076.16,270,636
5068.03,271,637
5074.25,271,638
5076.18,271,639
523,272,640
524,272,641
525,273,642
526,273,643
527,273,644
528,273,645
529,273,646
5069.01,274,647
5070.01,274,648
5069.02,275,649
5070.02,275,650
530,276,651
531,276,652
532,277,653
533,277,653
534,277,653
535,277,654
536,278,655
537,278,655
5101.02,278,656
538,279,657
539,279,657
5081.25,279,658
5082.25,279,659
540,280,660
5074.26,280,661
5076.19,280,662
541,281,663
542,281,663
543,281,663
544,282,664
545,283,665
546,284,666
547,284,667
548,284,668
5077.03,284,669
549,284,670
550,284,670
551,284,671
552,285,672
553,286,673
554,286,674
555,287,675
556,287,676
557,287,677
558,287,678
559,288,679
560,289,680
561,290,681
5071.01,291,682
562,292,683
563,292,684
564,292,685
565,293,686
566,293,686
567,294,687
568,295,688
569,295,689
570,296,690
5074.16,296,691
571,296,692
572,296,693
5076.09,296,694
573,297,695
574,298,696
575,299,697
576,300,698
577,301,699
578,302,700
579,303,701
5074.15,303,702
5076.08,303,703
5074.13,304,704
5074.14,304,704
580,304,705
581,304,705
5076.07,304,706
582,305,707
583,306,708
584,306,709
585,307,710
586,308,711
587,308,711
588,309,712
589,309,712
5143.34,309,713
5150.01,309,714
590,310,715
591,310,715
592,310,716
593,311,717
5072.01,311,717
594,312,718
5072.02,312,718
595,313,719
596,313,719
597,314,720
598,314,720
599,315,721
600,315,721
601,315,722
602,315,723
603,315,723
5148.08,315,723
604,316,724
605,316,725
606,317,726
5073.01,318,727
5073.02,319,728
607,320,729
608,320,729
609,321,730
610,322,731
611,323,732
612,323,733
613,323,734
614,324,735
615,324,735
616,325,736
5079.02,325,737
617,326,738
618,326,739
619,327,740
620,328,741
621,328,742
622,328,743
623,329,744
624,329,744
625,330,745
626,330,746
627,330,747
628,330,748
629,331,749
630,332,750
631,333,751
632,333,752
633,334,753
634,334,754
635,334,755
636,334,756
637,334,757
638,334,758
640,334,759
639,334,760
641,335,761
642,336,762
643,336,763
644,336,764
645,337,765
646,337,765
647,338,766
5074.19,339,767
5076.12,339,768
5074.20,340,769
5076.13,340,770
5074.21,341,771
5076.14,341,772
5074.27,342,773
5076.20,342,774
5074.28,343,775
5076.21,343,776
5074.29,344,777
5076.22,344,778
5074.30,345,779
5076.23,345,780
5074.31,346,781
5076.24,346,782
5074.32,347,783
5076.25,347,784
5074.33,348,785
5076.26,348,786
5074.34,349,787
5076.27,349,788
648,350,789
5124.02,350,790
649,351,791
650,352,792
651,352,792
652,352,793
653,353,794
654,353,795
655,354,796
656,355,797
657,356,798
658,356,798
659,356,799
660,357,800
661,357,800
662,357,801
663,357,802
664,357,803
665,357,804
666,357,805
667,357,805
668,358,806
669,359,807
670,360,808
671,360,809
672,360,810
673,360,811
674,360,812
675,361,813
676,362,814
677,363,815
678,363,815
679,363,816
680,363,817
681,363,818
682,363,819
683,363,819
684,363,820
685,363,821
686,364,822
687,365,823
688,365,823
689,366,824
690,367,825
691,368,826
692,368,827
693,368,827
5078.01,369,828
5078.02,370,829
5078.03,371,830
5078.04,372,831
5078.05,373,832
5078.06,374,833
5078.07,375,834
5078.08,376,835
5078.09,377,836
5078.10,378,837
694,379,838
5081.34,379,839
695,379,840
5082.34,379,841
696,379,842
697,380,843
698,380,843
699,380,844
700,380,845
701,381,846
702,381,846
5124.08,381,847
703,382,848
704,382,848
705,383,849
706,384,850
707,384,851
708,384,851
709,385,852
5124.09,385,853
710,386,854
711,386,855
712,387,856
713,388,857
714,389,858
715,389,859
716,389,859
5081.01,390,860
5082.01,390,861
5081.02,391,862
5082.02,391,863
5081.04,392,864
5082.04,392,865
5081.05,393,866
5082.05,393,867
5081.10,394,868
5082.10,394,869
5081.12,395,870
5082.12,395,871
5081.13,396,872
5082.13,396,873
5081.14,397,874
5082.14,397,875
5081.15,398,876
5082.15,398,877
5081.20,399,878
5082.20,399,879
5081.24,400,880
5082.24,400,881
5081.26,401,882
5082.26,401,883
5081.29,402,884
5082.29,402,885
5081.30,403,886
5082.30,403,887
5081.31,404,888
5082.31,404,889
5081.35,405,890
5082.35,405,891
5081.36,406,892
5082.36,406,893
717,407,894
5124.10,407,895
718,408,896
719,408,897
720,408,897
721,409,898
722,410,899
723,410,900
724,411,901
5124.13,411,902
725,412,903
726,412,904
727,412,904
728,412,905
729,413,906
730,414,907
5090.01,415,908
5090.02,416,909
731,417,910
732,418,911
5100.01,418,912
733,419,913
734,420,914
735,420,914
5149.01,420,914
736,421,915
737,422,916
738,423,917
739,423,918
740,424,919
741,424,919
742,425,920
743,425,921
744,425,922
745,426,923
746,426,924
747,426,925
748,427,926
749,428,927
750,429,928
751,429,929
752,430,930
5091.01,431,931
5092.01,431,932
5095.01,431,933
5093.01,431,934
5094.01,431,935
5096.01,431,936
5116.03,431,937
5091.02,432,938
5092.02,432,939
5095.02,432,940
5093.02,432,941
5094.02,432,942
5096.02,432,943
5116.04,432,944
753,433,945
754,434,946
755,435,947
756,436,948
757,436,948
758,436,948
759,436,948
760,437,949
5124.14,437,950
761,438,951
762,439,952
763,439,952
5104.01,439,952
764,440,953
765,441,954
766,441,955
767,442,956
768,443,957
769,444,958
770,444,958
771,444,958
772,444,958
773,445,959
774,446,960
775,447,961
776,447,961
5169.01,447,962
777,448,963
778,449,964
779,449,964
780,450,965
781,451,966
782,452,967
5124.15,452,968
783,453,969
784,453,969
785,454,970
5097.01,455,971
5097.02,455,971
5097.04,456,972
5097.03,457,973
786,457,974
5125.01,457,974
787,458,975
5169.02,458,976
788,459,977
789,460,978
790,461,979
791,461,979
792,462,980
793,463,981
794,464,982
795,465,983
796,466,984
797,467,985
798,467,985
799,468,986
800,469,987
801,469,987
802,469,988
803,469,989
5114.03,469,989
804,469,990
5114.04,469,990
5116.05,469,991
805,470,992
806,470,992
807,471,993
808,472,994
809,472,994
810,473,995
5179.01,473,996
811,474,997
812,475,998
813,476,999
814,477,1000
815,478,1001
5149.04,478,1001
816,479,1002
817,480,1003
5149.03,480,1003
818,481,1004
819,482,1005
820,483,1006
821,484,1007
822,485,1008
5169.03,485,1009
823,486,1010
824,486,1010
5149.02,486,1010
825,487,1011
826,488,1012
828,488,1012
827,488,1013
829,488,1013
830,488,1014
831,488,1014
5101.01,489,1015
832,490,1016
833,491,1017
834,491,1017
5149.05,491,1017
835,492,1018
836,493,1019
837,494,1020
838,495,1021
839,496,1022
5126.01,496,1023
5126.02,496,1023
5127.01,496,1024
5128.01,496,1025
840,497,1026
841,497,1026
842,498,1027
843,499,1028
844,500,1029
845,501,1030
846,502,1031
847,503,1032
848,503,1032
849,504,1033
850,504,1033
851,504,1034
852,504,1035
853,505,1036
854,506,1037
855,507,1038
856,507,1038
857,508,1039
858,509,1040
859,510,1041
860,511,1042
861,511,1042
862,512,1043
863,513,1044
5118.01,513,1044
864,514,1045
5118.02,514,1045
865,515,1046
868,515,1047
866,515,1048
867,515,1048
869,516,1049
870,517,1050
871,518,1051
872,519,1052
873,520,1053
874,521,1054
875,522,1055
876,523,1056
877,524,1057
5133.02,524,1058
878,525,1059
879,525,1060
880,526,1061
881,527,1062
5105.01,528,1063
5105.02,529,1064
5105.03,530,1065
882,531,1066
883,532,1067
5149.06,532,1067
884,533,1068
885,533,1068
886,534,1069
887,534,1070
888,534,1070
889,535,1071
890,536,1072
891,536,1072
892,536,1072
893,537,1073
894,537,1074
895,537,1074
896,538,1075
897,538,1075
898,539,1076
899,540,1077
900,540,1077
901,540,1077
5118.03,540,1077
5118.04,540,1077
902,541,1078
903,541,1079
904,541,1079
5135.01,541,1079
5135.02,541,1079
905,541,1080
5138.01,541,1080
5139.01,541,1081
906,542,1082
907,542,1082
908,542,1082
5118.05,542,1082
5118.06,542,1082
5107.01,543,1083
5107.02,544,1084
909,545,1085
910,546,1086
5111.01,547,1087
5112.01,547,1088
5114.01,547,1089
5116.01,547,1090
5111.02,548,1091
5112.02,548,1092
5114.02,548,1093
5116.02,548,1094
911,549,1095
912,550,1096
5119.01,551,1097
5119.02,552,1098
913,553,1099
914,553,1099
5158.01,553,1099
915,554,1100
916,554,1100
917,554,1100
5158.02,554,1100
918,555,1101
5149.07,555,1101
919,556,1102
920,557,1103
921,557,1103
922,558,1104
923,559,1105
924,560,1106
925,560,1107
926,560,1108
927,560,1109
928,561,1110
929,561,1110
930,562,1111
931,562,1111
932,563,1112
933,564,1113
934,564,1113
935,565,1114
936,565,1115
937,566,1116
938,567,1117
939,568,1118
940,568,1119
5176.01,568,1119
941,569,1120
942,570,1121
943,570,1122
5146.02,570,1123
944,571,1124
945,572,1125
946,573,1126
947,574,1127
948,575,1128
949,575,1128
950,575,1128
951,576,1129
5118.09,576,1129
952,577,1130
953,578,1131
954,579,1132
955,579,1132
956,579,1132
957,579,1132
958,579,1132
959,579,1132
960,579,1132
961,579,1132
962,580,1133
963,581,1134
5118.10,581,1134
964,582,1135
965,582,1135
966,583,1136
967,584,1137
968,584,1137
5120.01,585,1138
5120.02,585,1138
5124.07,585,1139
969,586,1140
970,587,1141
971,587,1141
972,588,1142
973,588,1142
974,589,1143
975,589,1143
976,590,1144
977,591,1145
978,592,1146
5172.01,592,1146
979,593,1147
5172.02,593,1147
980,594,1148
981,595,1149
982,595,1149
983,596,1150
984,597,1151
985,598,1152
986,599,1153
5130.01,600,1154
5131.01,600,1154
987,601,1155
988,602,1156
989,603,1157
990,604,1158
991,605,1159
992,605,1160
993,605,1161
5124.01,606,1162
5124.03,607,1163
5124.04,608,1164
5124.05,609,1165
5124.06,610,1166
5124.11,611,1167
5124.12,612,1168
5124.16,613,1169
5124.17,614,1170
5124.18,615,1171
5124.19,616,1172
5124.20,617,1173
5124.21,618,1174
5132.01,619,1175
5132.02,620,1176
994,621,1177
995,621,1178
5135.04,621,1178
996,621,1179
5138.03,621,1179
5139.03,621,1180
997,622,1181
998,623,1182
999,624,1183
1000,624,1183
5133.01,625,1184
1001,626,1185
1002,627,1186
5134.01,627,1186
1003,628,1187
5135.03,628,1187
1004,628,1188
5138.02,628,1188
5139.02,628,1189
1005,629,1190
1006,629,1190
1007,630,1191
1008,631,1192
1009,632,1193
5141.01,633,1194
5141.02,634,1195
1010,635,1196
1011,635.5,1197
1012,636,1198
5143.01,637,1199
5143.02,638,1200
5143.03,639,1201
5143.04,640,1202
5143.05,641,1203
5143.06,642,1204
5143.07,643,1205
5143.08,644,1206
5143.09,645,1207
5143.10,646,1208
5143.11,647,1209
5143.12,648,1210
5143.13,649,1211
5143.14,650,1212
5143.15,651,1213
5143.16,652,1214
5143.17,653,1215
5143.18,654,1216
5143.19,655,1217
5143.20,656,1218
5143.21,657,1219
5143.22,658,1220
5143.23,659,1221
5143.24,660,1222
5143.25,661,1223
5143.26,662,1224
5143.27,663,1225
5143.28,664,1226
5143.29,665,1227
5143.30,666,1228
5143.31,667,1229
5143.32,668,1230
5143.33,669,1231
5143.35,670,1232
1013,671,1233
5176.03,671,1233
5178.01,671,1233
1015,671,1234
1016,671,1234
1017,671,1234
5176.02,671,1234
5176.04,671,1234
1018,672,1235
1019,673,1236
1020,673.5,1237
1021,674,1238
1022,674.5,1239
1023,675,1240
1024,676,1241
1025,676,1242
1026,677,1243
1027,678,1244
1028,678.5,1245
1029,679,1246
1030,680,1247
1031,680,1248
1032,681,1249
1033,681,1249
5145.01,681,1249
1034,682,1250
1035,683,1251
1036,684,1252
1037,685,1253
1038,686,1254
1039,687,1255
1040,687,1256
1041,687,1257
1042,688,1258
1043,688,1259
1044,689,1260
1045,690,1261
1046,690,1262
1047,691,1263
1048,692,1264
5145.02,692,1264
1049,693,1265
1050,693,1265
1051,694,1266
1052,695,1267
1053,696,1268
1054,697,1269
1055,698,1270
1056,699,1271
1057,700,1272
5146.01,701,1273
5146.03,702,1274
5146.04,703,1275
5146.05,703,1275
1058,704,1276
1059,705,1277
1060,706,1278
1061,707,1279
1062,708,1280
1063,709,1281
1064,710,1282
1065,711,1283
1066,711,1284
1067,711,1284
1068,712,1285
1069,712,1285
1070,713,1286
1071,713,1287
1072,713,1287
1073,714,1288
1074,714,1288
1075,715,1289
1076,716,1290
1077,717,1291
5153.01,718,1292
5153.02,719,1293
5153.03,720,1294
1078,721,1295
5153.04,721,1295
1079,722,1296
5153.05,722,1296
1080,723,1297
5155.01,723,1297
1081,724,1298
5155.02,724,1298
1082,725,1299
5155.03,725,1299
1083,726,1300
5155.04,726,1300
1084,727,1301
5155.05,727,1301
1085,728,1302
5155.06,728,1302
1086,729,1303
1087,729,1303
1088,730,1304
1089,730,1304
1090,730,1304
1091,730,1304
5157.01,731,1305
5157.02,732,1306
1092,733,1307
1093,733,1307
1094,733,1307
1095,733,1307
1096,734,1308
1097,735,1309
1098,736,1310
1099,737,1311
1100,738,1312
1101,738,1312
1102,739,1313
1103,740,1314
1104,741,1315
1105,742,1316
5159.01,743,1317
1106,744,1318
1107,745,1319
1108,745,1319
1109,746,1320
1110,747,1321
1111,747,1321
5156.01,747,1321
1112,748,1322
1113,749,1323
5161.01,750,1324
5162.01,750,1324
5161.02,751,1325
5162.02,751,1325
1114,752,1326
1115,752,1326
5156.02,752,1326
1116,753,1327
5163.01,754,1328
5164.01,754,1328
5163.02,755,1329
5163.03,756,1330
5163.04,757,1331
5165.01,758,1332
5165.02,759,1333
5165.03,760,1334
1117,761,1335
1118,762,1336
1119,763,1337
1120,763,1337
1121,763,1338
1122,764,1339
1123,765,1340
1124,766,1341
1125,767,1342
1126,767,1342
1127,767,1342
1128,767,1342
1129,767,1342
1130,767,1342
1131,767,1342
5166.01,768,1343
5164.02,769,1344
1132,770,1345
1133,771,1346
5173.02,771,1347
1134,772,1348
1135,773,1349
1136,773,1349
1137,773,1349
1138,774,1350
1139,774,1350
1140,775,1351
1141,776,1352
1142,776,1352
1143,776,1352
1144,777,1353
1145,777,1353
1146,777,1353
1147,778,1354
5170.01,779,1355
1148,780,1356
5170.02,780,1356
5171.01,781,1357
5171.02,782,1358
1149,783,1359
1150,784,1360
1151,785,1361
1152,786,1362
1153,786,1362
1154,787,1363
1155,788,1364
1156,788,1364
1157,788,1364
1158,788,1364
1159,788,1364
1160,788,1364
5179.02,789,1365
1161,790,1366
1162,790,1366
1163,791,1367
1164,792,1368
1165,793,1369
1166,793,1369
1167,794,1370
5173.01,795,1371
5173.03,796,1372
1168,797,1373
1169,797,1373
1170,798,1374
1171,799,1375
1172,800,1376
1173,801,1377
1174,802,1378
1175,803,1379
1176,804,1380
1177,805,1381
5182.01,806,1382
5182.02,806,1382
5182.03,807,1383
5182.04,808,1384
5182.05,809,1385
1178,810,1386
5182.06,810,1386
5140.04,811,1387
1179,812,1388
1180,813,1389
1181,814,1390
1182,814.5,1391
1183,1001,1392
5025.01,1002,1393
5025.02,1003,1394
1184,1004,1395
1185,1004,1395
1186,1005,1396
1187,1005,1396
1188,1005,1397
1189,1005,1397
1190,1006,1398
1191,1006,1398
1192,1007,1399
1193,1008,1400
1194,1008,1400
1195,1008,1401
1196,1008,1402
1197,1008,1403
1198,1009,1404
1199,1010,1405
1200,1011,1406
1201,1011,1407
1202,1012,1408
1203,1013,1409
1204,1013,1409
1205,1014,1410
1206,1015,1411
1207,1016,1412
1208,1017,1413
1209,1017,1413
1210,1018,1414
1211,1018,1414
5144.01,1019,1415
5144.02,1020,1416
5144.03,1021,1417
5144.04,1022,1418
1212,1023,1419
1213,1023,1419
5000,2001,1420
5001,2002,1421
5002,2003,1422
5003,2004,1423
5004,2004,1424
5005,2005,1425
5006,2006,1426
5007,2006,1427
5008,2006,1427
5009,2006,1428
5010,2006,1428
5011,2007,1429
5012,2007,1429
5013,2007,1430
5014,2008,1431
5015,2009,1432
5016,2010,1433
5017,2011,1434
5018,2011,1435
5019,2011,1436
5020,2012,1437
5021,2013,1438
5022,2013,1439
5023,2013,1440
5024,2014,1441
5025,2015,1442
5026,2016,1443
5027,2017,1444
5028,2017,1445
5029,2017,1446
5030,2018,1447
5031,2018,1448
5032,2018,1449
5033,2018,1449
5034,2018,1450
5035,2018,1450
5036,2018,1451
5037,2018,1451
5038,2018,1451
5039,2018,1451
5040,2018,1451
5041,2018,1452
5042,2018,1452
5043,2018,1452
5044,2018,1453
5045,2018,1454
5046,2018,1455
5047,2019,1456
5048,2020,1457
5049,2020,1458
5050,2020,1459
5051,2020,1460
5052,2020,1461
5053,2020,1462
5054,2021,1463
5055,2021,1463
5056,2022,1464
5057,2022,1464
5058,2022,1464
5059,2023,1465
5060,2024,1466
5061,2024,1466
5062,2024,1467
5063,2025,1468
5064,2025,1469
5065,2025,1470
5066,2025,1470
5067,2026,1471
5068,2027,1472
5069,2028,1473
5070,2028,1474
5071,2029,1475
5072,2030,1476
5073,2031,1477
5074,2032,1478
5075,2032,1478
5076,2032,1479
5077,2033,1480
5078,2034,1481
5079,2035,1482
5080,2035,1482
5081,2036,1483
5082,2036,1484
5083,2036,1484
5084,2036,1484
5085,2036,1484
5086,2036,1484
5087,2036,1484
5088,2036,1484
5089,2036,1484
5090,2037,1485
5091,2038,1486
5092,2038,1487
5093,2038,1488
5094,2038,1489
5095,2038,1490
5096,2038,1491
5097,2039,1492
5098,2040,1493
5099,2040,1493
5100,2041,1494
5101,2042,1495
5102,2043,1496
5103,2043,1496
5104,2044,1497
5105,2045,1498
5106,2046,1499
5107,2047,1500
5108,2047,1500
5109,2047,1500
5110,2047,1500
5111,2048,1501
5112,2048,1502
5113,2048,1502
5114,2048,1503
5115,2048,1503
5116,2048,1504
5117,2048,1504
5118,2049,1505
5119,2050,1506
5120,2051,1507
5121,2051,1507
5122,2051,1507
5123,2051,1507
5124,2052,1508
5125,2052,1508
5126,2053,1509
5127,2053,1510
5128,2053,1511
5129,2053,1511
5130,2054,1512
5131,2054,1512
5132,2055,1513
5133,2056,1514
5134,2057,1515
5135,2058,1516
5136,2058,1516
5137,2058,1516
5138,2058,1517
5139,2058,1518
5140,2058,1518
5141,2059,1519
5142,2059,1519
5143,2060,1520
5144,2061,1521
5145,2062,1522
5146,2063,1523
5147,2064,1524
5148,2065,1525
5149,2066,1526
5150,2067,1527
5151,2067,1527
5152,2067,1527
5153,2068,1528
5154,2068,1528
5155,2069,1529
5156,2069,1529
5157,2070,1530
5158,2071,1531
5159,2072,1532
5160,2072,1532
5161,2073,1533
5162,2073,1533
5163,2074,1534
5164,2074,1534
5165,2075,1535
5166,2076,1536
5167,2076,1536
5168,2076,1536
5169,2077,1537
5170,2078,1538
5171,2079,1539
5172,2080,1540
5173,2081,1541
5174,2081,1541
5175,2081,1541
5176,2082,1542
5177,2082,1542
5178,2082,1542
5179,2083,1543
5180,2083,1543
5181,2083,1543
5182,2084,1544
5183,2085,1545