deep_id	collection	greg_full	work_id
1		3a	3
2		3b	3
3		3c	3
4		4a	4
5		4b	4
6		4c	4
7		4d	4
8		5a	5
9		6a	6
10		7a	7
11		10a	10
12		11a	11
13		12a	12
14		13a	13
15		14a	14
16		14.5a	14.5
17		15a	15
18		15b	15
19		15c	15
20		15d	15
21		16a	16
22		16b	16
23		19a	19
24		20a	20
25		20b	20
26		20c	20
27		21a	21
28		21b	21
29		21c	21
30		21.5a	21.5
31		22a	22
32		22b	22
33		23a	23
34		24a	24
35		24b	24
36		25a	25
37		26a	26
38			26.5
39		27a	27
40		28a	28
41		28b	28
42		28c	28
43		29a	29
44		30a	30
45		30b	30
46		31a	31
49		31b	31
50		33a	33
51		34a	34
52		35a	35
53		35b	35
54		35c	35
55		36a*	36
56		36a(‚Ä†)	36
57		37a	37
58		38a	38
59		39a	39
60		39b	39
61		39c	39
62		40a	40
63		40b	40
64		41c	41
65		41a	41
66		41b	41
67		42a	42
68		43a	43
69		44a	44
70		45a	45
71		46a	46
72		47a*	47
73		47a(‚Ä†)	47
74		48a	48
75		49a	49
76		50a	50
77		50b	50
78		50c	50
79		51a	51
80		51a	51
81		52a	52
82		53a	53
83		54a	54
84		55a	55
85		56a	56
86		56c	56
87		56b	56
88		57a	57
89		58a	58
90		58b	58
91		59a	59
92		63a	63
93		64a	64
94		65a	65
95		67a	67
96		68a(i)	68
97		68a(ii)	68
98		68a(iii)	68
99		69a	69
100		69b	69
101		70a	70
102		71a	71
103		72a	72
104		75a	75
105		75b	75
106		76a	76
107		76.5a	76.5
108		77a	77
109		78ai	78
110		78aii	78
111		82a	82
112		82b	82
113		82c	82
114		83a	83
115		84a	84
116		84b	84
117		84c	84
118		84d	84
119		85a	85
120		85b	85
121		86a	86
122		87a	87
123		88a	88
124		89a	89
125		90	90
126		91a	91
127		92a	92
128		93a	93
129		94d	94
130		95d	95
131		96a	96
132		98(a)	98
133		99a	99
134		100a	100
135		102a	102
136		103œÄ	103
137		103a	103
138		104a(*)	104
139		104a(‚Ä†)	104
140		105a	105
141		106a	106
142		107a	107
143		107b	107
144		107c(*)	107
145		107c(‚Ä†)	107
146		108b	108
147		109a	109
148		109b(i)	109
149		109b(ii)	109
150		110a	110
151		110b	110
152		110c	110
153		110d	110
154		110e	110
155		110f	110
156		110g(*)	110
157		110g(‚Ä†)	110
158		110h	110
159		110i(*)	110
160		110i(‚Ä†)	110
161		110j	110
162		112a	112
163		112b	112
164		113a	113
165		113b	113
166		114a	114
167		114b	114
168		115a	115
169		116a(i)	116
170		116a(ii)	116
171		117a	117
172		117b	117
173		117c	117
174		118a	118
175		118b	118
176		118c	118
177		118d	118
178		118e	118
179		119a	119
180		119b	119
181		120a	120
182		120b	120
183		120c	120
184		120e	120
185		121a	121
186		121b	121
187		121c	121
188		122a	122
189		123a	123
190		123b	123
191		124a	124
192		125a	125
193		125b	125
194		126a	126
195		127a	127
196		128a	128
197		129a	129
198		129b	129
199		129c(*)	129
200		129c(‚Ä†)	129
201		129d(*)	129
202		129d(‚Ä†)	129
203		130a(i)	130
204		130a(ii)	130
205		131a	131
206		132d	132
207		133a	133
208		134a	134
209		135a	135
210		136a	136
211		137a	137
212		138a	138
213		138b	138
214		139a	139
215		140a	140
216		140b	140
217		141a	141
218		141b	141
219		141c	141
220		141d(*)	141
221		141d(‚Ä†)	141
222		141e	141
223		141h(*)	141
224		141h(‚Ä†)	141
225		142a	142
226		142b	142
227		142c	142
228		142d	142
229		142e	142
230		142f	142
231		142h	142
232		142j	142
233		143a	143
234		143b	143
235		143c	143
236		143e(*)	143
237		143e(‚Ä†)	143
238		143g	143
239		144a	144
240		145a	145
241		145b	145
242		145c	145
243		145d	145
244		145e	145
245		145f	145
246		145g	145
247		145i	145
248		145k	145
249		146a	146
250		147a(i)	147
251		147a(ii)	147
252		148a	148
253		148b(i)	148
254		148b(ii)	148
255		149a	149
256		150a	150
257		150c	150
258		151a	151
259		151b	151
260		151c	151
261		151d	151
262		151e	151
263		151f	151
264		151œÄ	151
265		151g	151
266		151h	151
267		151i	151
268		151j	151
269		151k	151
270		151l	151
271		151m	151
272		151n	151
273		151o	151
274		155a	155
275		156a	156
276		157a	157
277		158a	158
278		159a(*)	159
279		159a(‚Ä†)	159
280		160a	160
281		161a	161
282		161b	161
283		162a	162
284		163a	163
285		163b	163
286		163c	163
287		164a	164
288		165a	165
289		165b	165
290		165c	165
291		166a	166
292		166b	166
293		167a(i)	167
294		167a(ii)	167
295		168a	168
296		169a	169
297		170a	170
298		170b	170
299		171a	171
300		171b	171
301		172a	172
302		172b	172
303		172e(i)	172
304		172e(ii)	172
305		173a	173
306		174a	174
307		175a	175
308		175b	175
309		175c	175
310		175d	175
311		175e	175
312		175f	175
313		176a	176
314		177a	177
315		177b(i)	177
316		177b(ii)	177
317		178a	178
318		179a	179
319		180a	180
320		181a(i)	181
321		181a(ii)	181
322		182a	182
323		183a	183
324		183b	183
325		184a	184
326		185a	185
327		186a	186
328		187a	187
329		187b	187
330		187d	187
331		188a	188
332		189a	189
333		189b	189
334		190a	190
335		191a	191
336		191b	191
337		191c	191
338		191d	191
339		191e	191
340		191f	191
341		191g	191
342		192a	192
343		195a(*)	195
344		195a(‚Ä†)	195
345		196a	196
346		196b	196
347		197a	197
348		197b(*)	197
349		197b(‚Ä†)	197
350		197c	197
351		197d	197
352		197g	197
353		198a	198
354		199a	199
355		199b	199
356		202a	202
357		202b	202
358		202c	202
359		203a	203
360		203b	203
361		203c	203
362		204a	204
363		204b	204
364		204c	204
365		204d(*)	204
366		204d(‚Ä†)	204
367		204d(¬ß)	204
368		204e	204
369		205a	205
370		205b	205
371		205c	205
372		205d	205
373		205e	205
374		205f	205
375		205g	205
376		205h	205
377		205i	205
378		206a	206
379		207a	207
380		207b	207
381		208a	208
382		208b	208
383		210a(i)	210
384		210a(ii)	210
385		211a	211
386		212a	212
387		212b	212
388		212c	212
389		212d	212
390		213a	213
391		214a	214
392		215a	215
393		215b	215
394		215c(*)	215
395		215c(‚Ä†)	215
396		215d	215
397		215e	215
398		215f	215
399		215g	215
400		215h	215
401		216a	216
402		217a(i)	217
403		217a(ii)	217
404		217b	217
405		217c	217
406		218a	218
407		219a	219
408		220a	220
409		221a	221
410		222a	222
411		223a	223
412		224a(i)	224
413		224a(ii)	224
414		224b	224
415		224c	224
416		224d	224
417		225a	225
418		225b	225
419		226a	226
420		227a	227
421		228a	228
422		228b(*)	228
423		228b(‚Ä†)	228
424		228b(¬ß)	228
425		229a	229
426		230a	230
427		230b	230
428		231a(i)	231
429		231a(ii)	231
430		232a(i)	232
431		232a(ii*)	232
432		232a(ii‚Ä†)	232
433		233a	233
434		234a	234
435		234b	234
436		234c	234
437		234d	234
438		234e	234
439		234f(i)	234
440		234f(ii)	234
441		234g	234
442		235a(*)	235
443		235a(‚Ä†)	235
444		235b	235
445		"236a(*1, *2)"	236
446		"236a(*1, ‚Ä†2)"	236
447		"236a(‚Ä†1, *2)"	236
448		"236a(‚Ä†1, ‚Ä†2)"	236
449		237a	237
450		238a	238
451		239a	239
452		239b	239
453		239c	239
454		239d	239
455		239e	239
456		239f(i)	239
457		239f(ii)	239
458		240a(*)	240
459		240a(‚Ä†)	240
460		241a	241
461		242a	242
462		242b	242
463		242c	242
464		243a	243
465		243b	243
466		244a	244
467		244b	244
468		245a(*)	245
469		245a(‚Ä†)	245
470		245b(i)	245
471		245b(ii)	245
472		246a(*)	246
473		246a(‚Ä†)	246
474		246b(i)	246
475		246b(ii)	246
476		246b(iii)	246
477		246b(iv)	246
478		247a	247
479		247b	247
480		247c	247
481		247d	247
482		248a(i)	248
483		248a(ii)	248
484		249a	249
485		249b	249
486		249c	249
487		249d	249
488		250a	250
489		251a	251
490		252a	252
491		253a(*)	253
492		253a(‚Ä†)	253
493		254a(i)	254
494		254a(ii)	254
495		255a	255
496		255b	255
497		255c	255
498		255d	255
499		256a	256
500		256b	256
501		257a	257
502		258a	258
503		258b	258
504		259a(i)	259
505		259a(ii)	259
506		262a(i)	262
507		262a(ii)	262
508		262b	262
509		263a	263
510		263a	263
511		264a	264
512		264b	264
513		264c	264
514		264d	264
515		264e	264
516		264f	264
517		265a	265
518		265b	265
519		265e	265
520		266a	266
521		267a	267
522		268a	268
523		272a	272
524		272b	272
525		273a	273
526		273b	273
527		273c	273
528		273d	273
529		273e	273
530		276a	276
531		276b	276
532		277a(cancel)	277
533		277a(*)	277
534		277a(‚Ä†)	277
535		277b	277
536		278a(*)	278
537		278a(‚Ä†)	278
538		279a(i)	279
539		279a(ii)	279
540		280a	280
541		281a(i)	281
542		281a(ii*)	281
543		281a(ii‚Ä†)	281
544		282a	282
545		283a	283
546		284a	284
547		284b	284
548		284c	284
549		284e(*)	284
550		284e(‚Ä†)	284
551		284f	284
552		285a	285
553		286a	286
554		286b	286
555		287a	287
556		287b	287
557		287c	287
558		287d	287
559		288a	288
560		289a	289
561		290a	290
562		292a	292
563		292b	292
564		292c	292
565		293a(*)	293
566		293a(‚Ä†)	293
567		294a	294
568		295a	295
569		295b	295
570		296a	296
571		296c	296
572		296d	296
573		297a	297
574		298a	298
575		299a	299
576		300a	300
577		301a	301
578		302a	302
579		303a	303
580		304c(i)	304
581		304c(ii)	304
582		305a	305
583		306a	306
584		306b	306
585		307a	307
586		308a(i)	308
587		308a(ii)	308
588		309a	309
589		309a(cancel)	309
590		310a(*)	310
591		310a(‚Ä†)	310
592		310b	310
593		311a(*)	311
594		312a	312
595		313a	313
596		313a	313
597		314a(*)	314
598		314a(‚Ä†)	314
599		315a(i)	315
600		315a(ii)	315
601		315b	315
602		315c(i)	315
603		315c(ii)	315
604		316a	316
605		316b	316
606		317a	317
607		320a(*)	320
608		320a(‚Ä†)	320
609		321a	321
610		322a	322
611		323a	323
612		323b	323
613		323c	323
614		324a(*)	324
615		324a(‚Ä†)	324
616		325a	325
617		326a	326
618		326b	326
619		327a	327
620		328a	328
621		328b	328
622		328c	328
623		329a	329
624		329a(cancel)	329
625		330a	330
626		330b	330
627		330c	330
628		330d(i)	330
629		331a	331
630		332a	332
631		333a	333
632		333b	333
633		334a	334
634		334b	334
635		334c	334
636		334d	334
637		334e	334
638		334f	334
639		334h	334
640		334g	334
641		335a	335
642		336a	336
643		336b	336
644		336c	336
645		337a(*)	337
646		337a(‚Ä†)	337
647		338a	338
648		350a	350
649		351a	351
650		352a(i)	352
651		352a(ii)	352
652		352b	352
653		353a	353
654		353b	353
655		354a	354
656		355a	355
657		356a(i)	356
658		356a(ii)	356
659		356b	356
660		357a(*)	357
661		357a(‚Ä†)	357
662		357b	357
663		357c	357
664		357d	357
665		357e	357
666		357f(i)	357
667		357f(ii)	357
668		358a	358
669		359a	359
670		360a	360
671		360b	360
672		360c	360
673		360d	360
674		360e	360
675		361a	361
676		362a	362
677		363a(*)	363
678		363a(‚Ä†)	363
679		363b	363
680		363c	363
681		363d	363
682		363e(i)	363
683		363e(ii)	363
684		363f	363
685		363g	363
686		364a	364
687		365a(*)	365
688		365a(‚Ä†)	365
689		366a	366
690		367a	367
691		368a	368
692		368b(i)	368
693		368b(ii)	368
694		379a	379
695		379c	379
696		379e	379
697		380a(*)	380
698		380a(‚Ä†)	380
699		380b	380
700		380c	380
701		381a(*)	381
702		381a(‚Ä†)	381
703		382a(*)	382
704		382a(‚Ä†)	382
705		383a	383
706		384a	384
707		384b	384
708		384b(cancel)	384
709		385a	385
710		386a	386
711		386b	386
712		387a	387
713		388a	388
714		389a	389
715		389b(i*)	389
716		389b(i‚Ä†)	389
717		407a	407
718		408a	408
719		408b(*)	408
720		408b(‚Ä†)	408
721		409a	409
722		410a	410
723		410b	410
724		411a	411
725		412a	412
726		412b(i)	412
727		412b(ii)	412
728		412c	412
729		413a	413
730		414a	414
731		417a	417
732		418a	418
733		419a	419
734		420a(*)	420
735		420a(‚Ä†)	420
736		421a	421
737		422a	422
738		423a	423
739		423b	423
740		424a(*)	424
741		424a(‚Ä†)	424
742		425a	425
743		425b	425
744		425c	425
745		426a	426
746		426b	426
747		426c	426
748		427a	427
749		428a	428
750		429a	429
751		429b	429
752		430a	430
753		433a	433
754		434a	434
755		435a	435
756		436a(*1*2)	436
757		"436a(*1, ‚Ä†2)"	436
758		436a(‚Ä†1*2)	436
759		"436a(‚Ä†1, ‚Ä†2)"	436
760		437a	437
761		438a	438
762		439a(i*)	439
763		439a(i‚Ä†)	439
764		440a	440
765		441a	441
766		441b	441
767		442a	442
768		443a	443
769		444a(i*)	444
770		444a(i‚Ä†)	444
771		444a(ii)	444
772		444a(iii)	444
773		445a	445
774		446a	446
775		447a	447
776		447a	447
777		448a	448
778		449a(*)	449
779		449a(‚Ä†)	449
780		450a	450
781		451a	451
782		452a	452
783		453a(*)	453
784		453a(‚Ä†)	453
785		454a	454
786		457b(i)	457
787		458a	458
788		459a	459
789		460a	460
790		461a	461
791		461a	461
792		462a	462
793		463a	463
794		464a	464
795		465a	465
796		466a	466
797		467a(i)	467
798		467a(ii)	467
799		468a	468
800		469a(*)	469
801		469a(‚Ä†)	469
802		469b	469
803		469c	469
804		469d	469
805		470a(i)	470
806		470a(ii)	470
807		471a	471
808		472a(*)	472
809		472a(‚Ä†)	472
810		473a	473
811		474a	474
812		475a	475
813		476a	476
814		477a	477
815		478a	478
816		479a	479
817		480a	480
818		481a	481
819		482a	482
820		483a	483
821		484a	484
822		485a	485
823		486a(i)	486
824		486a(ii)	486
825		487a	487
826		"488a,b(*)"	488
827		"488b,a(*)"	488
828		"488a,b(‚Ä†)"	488
829		"488b,a(‚Ä†)"	488
830		488c(i)	488
831		488c(ii)	488
832		490a	490
833		491a(*)	491
834		491a(‚Ä†)	491
835		492a	492
836		493a	493
837		494a	494
838		495a	495
839		496a	496
840		497a(*)	497
841		497a(‚Ä†)	497
842		498a	498
843		499a	499
844		500a	500
845		501a	501
846		502a	502
847		503a(i)	503
848		503a(ii)	503
849		504a(*)	504
850		504a(‚Ä†)	504
851		504b	504
852		504c	504
853		505a	505
854		506a	506
855		507a(*)	507
856		507a(‚Ä†)	507
857		508a	508
858		509a	509
859		510a	510
860		511a(*)	511
861		511a(‚Ä†)	511
862		512a	512
863		513a	513
864		514a	514
865		515a	515
866		515c(*)	515
867		515c(‚Ä†)	515
868		515b	515
869		516a	516
870		517a	517
871		518a	518
872		519a	519
873		520a	520
874		521a	521
875		522a	522
876		523a	523
877		524a	524
878		525a	525
879		525b	525
880		526a	526
881		527a	527
882		531a	531
883		532a	532
884		533a(*)	533
885		533a(‚Ä†)	533
886		534a	534
887		534b(*)	534
888		534b(‚Ä†)	534
889		535a	535
890		536a(*)	536
891		536a(‚Ä†)	536
892		536a(¬ß)	536
893		537a	537
894		537b(*)	537
895		537b(‚Ä†)	537
896		538a(*)	538
897		538a(‚Ä†)	538
898		539a	539
899		540a(i)	540
900		540a(ii*)	540
901		540a(ii‚Ä†)	540
902		541a	541
903		541b(*)	541
904		541b(‚Ä†)	541
905		541c	541
906		542a(i)	542
907		542a(ii*)	542
908		542a(ii‚Ä†)	542
909		545a	545
910		546a	546
911		549a	549
912		550a	550
913		553a(i)	553
914		553a(ii)	553
915		554a(i)	554
916		554a(i)	554
917		554a(ii)	554
918		555a	555
919		556a	556
920		557a(*)	557
921		557a(‚Ä†)	557
922		558a(i)	558
923		559a	559
924		560a	560
925		560œÄ	560
926		560b	560
927		560c	560
928		561a(i)	561
929		561a(ii)	561
930		562a(*)	562
931		562a(‚Ä†)	562
932		563a	563
933		564a(*)	564
934		564a(‚Ä†)	564
935		565a	565
936		565b	565
937		566a	566
938		567a	567
939		568a	568
940		568b(ii)	568
941		569a	569
942		570a	570
943		570b	570
944		571a	571
945		572a	572
946		573a	573
947		574a	574
948		575a(*)	575
949		575a(‚Ä†)	575
950		575a(¬ß)	575
951		576a	576
952		577a	577
953		578a	578
954		579a(i*)	579
955		579a(i‚Ä†)	579
956		579a(ii*)	579
957		579a(ii‚Ä†)	579
958		"579a(iii*1,*2)"	579
959		"579a(iii*1, ‚Ä†2)"	579
960		"579a(iii‚Ä†1,*2)"	579
961		"579a(iii‚Ä†1, ‚Ä†2)"	579
962		580a	580
963		581a	581
964		582a(i)	582
965		582a(ii)	582
966		583a	583
967		584a(*)	584
968		584a(‚Ä†)	584
969		586a	586
970		587a(*)	587
971		587a(‚Ä†)	587
972		588a(i)	588
973		588a(ii)	588
974		589a(i)	589
975		589a(ii)	589
976		590a	590
977		591a	591
978		592a	592
979		593a	593
980		594a	594
981		595a(*)	595
982		595a(‚Ä†)	595
983		596a	596
984		597a	597
985		598a	598
986		599a	599
987		601a	601
988		602a	602
989		603a	603
990		604a	604
991		605a	605
992		605b	605
993		605c	605
994		621a	621
995		621b	621
996		621c	621
997		622a	622
998		623a	623
999		624a(i)	624
1000		624a(ii)	624
1001		626a	626
1002		627a	627
1003		628a	628
1004		628b	628
1005		629a(i)	629
1006		629a(ii)	629
1007		630a	630
1008		631a	631
1009		632a	632
1010		635a	635
1011		635.5a	635.5
1012		636a	636
1013		671a(i)	671
1015		671b(i)	671
1016		671b(ii)	671
1017		671b(iii)	671
1018		672a	672
1019		673a	673
1020		673.5a	673.5
1021		674a	674
1022		674.5a	674.5
1023		675a	675
1024		676a	676
1025		676b	676
1026		677a	677
1027		678a	678
1028		678.5a	678.5
1029		679a	679
1030		680a	680
1031		680b	680
1032		681a(i*)	681
1033		681a(i‚Ä†)	681
1034		682a	682
1035		683a	683
1036		684a	684
1037		685a	685
1038		686a	686
1039		687a	687
1040		687b	687
1041		687c	687
1042		688a	688
1043		688b	688
1044		689a	689
1045		690a	690
1046		690b	690
1047		691a	691
1048		692a	692
1049		693a(i)	693
1050		693a(ii)	693
1051		694a	694
1052		695a	695
1053		696a	696
1054		697a	697
1055		698a	698
1056		699a	699
1057		700a	700
1058		704a	704
1059		705a	705
1060		706a	706
1061		707a	707
1062		708a	708
1063		709a	709
1064		710a	710
1065		711a	711
1066		711b(*)	711
1067		711b(‚Ä†)	711
1068		712a(i*)	712
1069		712a(i‚Ä†)	712
1070		713a	713
1071		713b(i)	713
1072		713b(ii)	713
1073		714a(i)	714
1074		714a(ii)	714
1075		715a	715
1076		716a	716
1077		717a	717
1078		721a	721
1079		722a	722
1080		723a	723
1081		724a	724
1082		725a	725
1083		726a	726
1084		727a	727
1085		728a	728
1086		729a(*)	729
1087		729a(‚Ä†)	729
1088		730a(i*)	730
1089		730a(i‚Ä†)	730
1090		730a(ii)	730
1091		730a(iii)	730
1092		733a(i)	733
1093		733a(ii)	733
1094		733a(iii)	733
1095		733a(iv)	733
1096		734a	734
1097		735a	735
1098		736a	736
1099		737a	737
1100		738a(i)	738
1101		738a(ii)	738
1102		739a	739
1103		740a	740
1104		741a	741
1105		742a	742
1106		744a	744
1107		745a(i)	745
1108		745a(ii)	745
1109		746a	746
1110		747a(i)	747
1111		747a(ii)	747
1112		748a	748
1113		749a	749
1114		752a(i)	752
1115		752a(ii)	752
1116		753a	753
1117		761a	761
1118		762a	762
1119		763a(i)	763
1120		763a(ii)	763
1121		763b(i)	763
1122		764a	764
1123		765a	765
1124		766a	766
1125		767a(i*)	767
1126		767a(i‚Ä†)	767
1127		767a(i¬ß)	767
1128		767a(i‚ïë)	767
1129		767a(i‚Ä°)	767
1130		767a(ii)	767
1131		767a(iii)	767
1132		770a	770
1133		771a	771
1134		772a(i)	772
1135		773a(i*)	773
1136		773a(i‚Ä†)	773
1137		773a(ii)	773
1138		774a(i)	774
1139		774a(ii)	774
1140		775a	775
1141		776a(i*)	776
1142		776a(i‚Ä†)	776
1143		776a(ii)	776
1144		777a(i)	777
1145		777a(ii)	777
1146		777a(iii)	777
1147		778a	778
1148		780a	780
1149		783a	783
1150		784a	784
1151		785a	785
1152		786a(*)	786
1153		786a(‚Ä†)	786
1154		787a	787
1155		"788a(*1,*2)"	788
1156		"788a(*1,, ‚Ä†2)"	788
1157		"788a(*1,, ¬ß2)"	788
1158		"788a(*1,, ||2)"	788
1159		"788a(*1,, ‚Ä°2)"	788
1160		788a(‚Ä†1‚Ä°2)	788
1161		790a(i)	790
1162		790a(ii)	790
1163		791a	791
1164		792a	792
1165		793a(*)	793
1166		793a(‚Ä†)	793
1167		794a	794
1168		797a(*)	797
1169		797a(‚Ä†)	797
1170		798a	798
1171		799a	799
1172		800a	800
1173		801a	801
1174		802a	802
1175		803a	803
1176		804a(i)	804
1177		805a	805
1178		810a	810
1179		812a	812
1180		813a	813
1181		814a(i)	814
1182			814.5
1183		L1a	1001
1184		L4a(*)	1004
1185		L4a(‚Ä†)	1004
1186		L5a(i)	1005
1187		L5a(ii)	1005
1188		L5b(i)	1005
1189		L5b(ii)	1005
1190		L6a	1006
1191		L6a	1006
1192		L7a	1007
1193		L8a(*)	1008
1194		L8a(‚Ä†)	1008
1195		L8b	1008
1196		L8c	1008
1197		L8d	1008
1198		L9a	1009
1199		L10a	1010
1200		L11a	1011
1201		L11b	1011
1202		L12a	1012
1203		L13a(*)	1013
1204		L13a(‚Ä†)	1013
1205		L14a	1014
1206		L15a	1015
1207		L16a	1016
1208		L17a(i)	1017
1209		L17a(ii)	1017
1210		L18a(i)	1018
1211		L18a(ii)	1018
1212		L23a(i)	1023
1213		L23a(ii)	1023
5000	c1a	n/a	2001
5000.01		1a	1
5000.02		2a	2
5001	c2a	n/a	2002
5001.01		8a	8
5001.02		9a	9
5002	c3a	n/a	2003
5002.01		17a	17
5002.02		18a	18
5003	c4a	n/a	2004
5003.01		32a	32
5004	c4b	n/a	2004
5004.01		32b	32
5005	c5a	n/a	2005
5005.01		39b	39
5006	c6a	n/a	2006
5006.01		60a	60
5006.02		61a	61
5006.03		62a	62
5007	c6b(i)	n/a	2006
5007.01		62b	62
5007.02		60b	60
5007.03		61b	61
5008	c6b(ii)	n/a	2006
5009	c6c(*)	n/a	2006
5009.01		62c	62
5009.02		60c	60
5009.03		61c	61
5009.04		90a	90
5010	c6c(‚Ä†)	n/a	2006
5011	c7a(*)	n/a	2007
5011.01		66a	66
5012	c7a(‚Ä†)	n/a	2007
5013	c7b	n/a	2007
5013.01		66b	66
5014	c8a	n/a	2008
5014.01		73a	73
5014.02		74a	74
5015	c9a	n/a	2009
5015.01		34b	34
5015.02		29b	29
5015.03		79a	79
5015.04		80a	80
5015.05		36b	36
5015.06		28d	28
5015.07		44b	44
5015.08		42b	42
5015.09		45b	45
5015.10		81a	81
5016	c10a	n/a	2010
5016.01		39c	39
5017	c11a	n/a	2011
5017.01		94a	94
5017.02		95a	95
5018	c11b	n/a	2011
5018.01		94b	94
5018.02		95b	95
5019	c11c	n/a	2011
5019.01		94c	94
5019.02		95c	95
5020	c12a	n/a	2012
5020.01		97a	97
5021	c13a	n/a	2013
5021.01		101a	101
5021.02		102a	102
5022	c13b	n/a	2013
5022.01		101b	101
5022.02		102b	102
5023	c13c	n/a	2013
5023.01		101c	101
5023.02		102c	102
5024	c14a	n/a	2014
5024.01		108a	108
5025	c15a	n/a	2015
5025.01		L2a	2
5025.02		L3a	3
5026	c16a	n/a	2016
5026.01		111a(1)	111.1
5026.02		111a(2)	111.2
5026.03		111a(3)	111.3
5027	c17a	n/a	2017
5027.01		132a	132
5028	c17b	n/a	2017
5028.01		132b	132
5029	c17c	n/a	2017
5029.01		132c	132
5030	c18c	n/a	2018
5030.01		152a	152
5031	c18d	n/a	2018
5031.01		152b	152
5032	c18e(i)	n/a	2018
5032.01		152c	152
5033	c18e(ii)	n/a	2018
5034	c18f(i)	n/a	2018
5034.01		152d	152
5035	c18f(ii)	n/a	2018
5036	c18g(i)	n/a	2018
5036.01		152e	152
5037	c18g(ii)	n/a	2018
5038	c18g(iii)	n/a	2018
5039	c18g(iv)	n/a	2018
5040	c18g(v)	n/a	2018
5041	c18h(i)	n/a	2018
5041.01		152f	152
5042	c18h(ii)	n/a	2018
5043	c18h(iii)	n/a	2018
5044	c18i	n/a	2018
5044.01		152g	152
5045	c18j	n/a	2018
5045.01		152h	152
5046	c18k	n/a	2018
5046.01		152i	152
5047	c19a	n/a	2019
5047.01		132d	132
5048	c20a	n/a	2020
5048.01		153a	153
5048.02		154a	154
5049	c20b	n/a	2020
5049.01		153b	153
5049.02		154b	154
5050	c20c	n/a	2020
5050.01		153c	153
5050.02		154c	154
5051	c20d	n/a	2020
5051.01		153d	153
5051.02		154d	154
5052	c20e	n/a	2020
5052.01		153e	153
5052.02		154e	154
5053	c20f	n/a	2020
5053.01		153f	153
5053.02		154f	154
5054	c21a(i)	n/a	2021
5054.01		132e	132
5055	c21a(ii)	n/a	2021
5056	c22a(i*)	n/a	2022
5056.01		193a	193
5056.02		194a	194
5057	c22a(i‚Ä†)	n/a	2022
5058	c22a(ii)	n/a	2022
5059	c23a	n/a	2023
5059.01		200a	200
5059.02		201a	201
5060	c24a(i)	n/a	2024
5060.01		209a	209
5060.02		196b	196
5061	c24a(ii)	n/a	2024
5061.01		260a(i)	260
5061.02		260a(ii)	260
5061.03		261a	261
5062	c24b	n/a	2024
5062.01		209b	209
5062.02		196c	196
5062.03		260b	260
5062.04		261b	261
5063	c25a	n/a	2025
5063.01		132f	132
5063.02		223a	223
5064	c25b	n/a	2025
5064.01		223c	223
5064.02		132g(i)	132
5064.03		132g(ii)	132
5064.04		227b	227
5065	c25c(*)	n/a	2025
5065.01		223d(i)	223
5065.02		223d(ii)	223
5065.03		132h(i)	132
5065.04		132h(ii)	132
5065.05		227c	227
5066	c25c(‚Ä†)	n/a	2025
5067	c26a	n/a	2026
5067.01		223b	223
5068	c27a	n/a	2027
5068.01		269a	269
5068.02		270a	270
5068.03		271a	271
5069	c28a	n/a	2028
5069.01		274a	274
5069.02		275a	275
5070	c28b	n/a	2028
5070.01		274b	274
5070.02		275b	275
5071	c29a	n/a	2029
5071.01		291a	291
5072	c30a	n/a	2030
5072.01		311a(‚Ä†)	311
5072.02		312a	312
5073	c31a	n/a	2031
5073.01		318a	318
5073.02		319a	319
5074	c32a(i)	n/a	2032
5074.01		176b	176
5074.02		163d(*)	163
5074.03		163d(‚Ä†)	163
5074.04		163d(¬ß)	163
5074.05		163d(‚Ä°)	163
5074.06		181b(*)	181
5074.07		181b(‚Ä†)	181
5074.08		186b(*)	186
5074.09		186b(‚Ä†)	186
5074.10		186b(¬ß)	186
5074.11		216b	216
5074.12		259b	259
5074.13		304b(*)	304
5074.14		304b(‚Ä†)	304
5074.15		303b	303
5074.16		296b	296
5074.17		200b	200
5074.18		201b	201
5074.19		339a	339
5074.20		340a	340
5074.21		341a	341
5074.22		269b	269
5074.23		270b	270
5074.24		237b	237
5074.25		271b	271
5074.26		280b	280
5074.27		342a	342
5074.28		343a	343
5074.29		344a	344
5074.30		345a	345
5074.31		346a	346
5074.32		347a	347
5074.33		348a	348
5074.34		349a	349
5075	c32a(ii)	n/a	2032
5076	c32b	n/a	2032
5076.01		176c	176
5076.02		163e	163
5076.03		181c	181
5076.04		186c	186
5076.05		216c	216
5076.06		259c	259
5076.07		304d	304
5076.08		303c	303
5076.09		296e	296
5076.10		200c	200
5076.11		201c	201
5076.12		339b	339
5076.13		340b	340
5076.14		341b	341
5076.15		269c	269
5076.16		270c	270
5076.17		237c	237
5076.18		271c	271
5076.19		280c	280
5076.20		342b	342
5076.21		343b	343
5076.22		344b	344
5076.23		345b	345
5076.24		346b	346
5076.25		347b	347
5076.26		348b	348
5076.27		349b	349
5077	c33a	n/a	2033
5077.01		119c	119
5077.02		138c	138
5077.03		284d	284
5078	c34a	n/a	2034
5078.01		369a	369
5078.02		370a	370
5078.03		371a	371
5078.04		372a	372
5078.05		373a	373
5078.06		374a	374
5078.07		375a	375
5078.08		376a	376
5078.09		377a	377
5078.10		378a	378
5079	c35a(i)	n/a	2035
5079.01		223e	223
5079.02		325b	325
5079.03		227d	227
5079.04		207c	207
5079.05		132i	132
5080	c35a(ii)	n/a	2035
5081	c36a	n/a	2036
5081.01		390a	390
5081.02		391a	391
5081.03		187c	187
5081.04		392a	392
5081.05		393a	393
5081.06		168b	168
5081.07		150b	150
5081.08		170c	170
5081.09		172c	172
5081.10		394a	394
5081.11		120d	120
5081.12		395a	395
5081.13		396a	396
5081.14		397a	397
5081.15		398a	398
5081.16		141f	141
5081.17		145h	145
5081.18		167b	167
5081.19		165d	165
5081.20		399a	399
5081.21		119d	119
5081.22		138d	138
5081.23		142g	142
5081.24		400a	400
5081.25		279b	279
5081.26		401a	401
5081.27		117d	117
5081.28		143d	143
5081.29		402a	402
5081.30		403a	403
5081.31		404a	404
5081.32		197e	197
5081.33		265c	265
5081.34		379b	379
5081.35		405a	405
5081.36		406a	406
5082	c36b(i*)	n/a	2036
5082.01		390b	390
5082.02		391b	391
5082.03		187e	187
5082.04		392b	392
5082.05		393b	393
5082.06		168c	168
5082.07		150d	150
5082.08		170d	170
5082.09		172d	172
5082.10		394b	394
5082.11		120f	120
5082.12		395b	395
5082.13		396b	396
5082.14		397b	397
5082.15		398b	398
5082.16		141g	141
5082.17		145j	145
5082.18		167c	167
5082.19		165e	165
5082.20		399b	399
5082.21		119e	119
5082.22		138e	138
5082.23		142i	142
5082.24		400b	400
5082.25		279c	279
5082.26		401b	401
5082.27		117e	117
5082.28		143f	143
5082.29		402b	402
5082.30		403b	403
5082.31		404b	404
5082.32		197f	197
5082.33		265d	265
5082.34		379d	379
5082.35		405b	405
5082.36		406b	406
5083	c36b(i‚Ä†)	n/a	2036
5084	c36b(i¬ß)	n/a	2036
5085	c36b(i‚ïë)	n/a	2036
5086	c36b(ii)	n/a	2036
5087	c36b(iii)	n/a	2036
5088	c36b(iv)	n/a	2036
5089	c36b(v)	n/a	2036
5090	c37a	n/a	2037
5090.01		415a	415
5090.02		416a	416
5091	c38a	n/a	2038
5091.01		431a	431
5091.02		432a	432
5092	c38b	n/a	2038
5092.01		431b	431
5092.02		432b	432
5093	c38c	n/a	2038
5093.01		431d	431
5093.02		432d	432
5094	c38d	n/a	2038
5094.01		431e	431
5094.02		432e	432
5095	c38e	n/a	2038
5095.01		431c	431
5095.02		432c	432
5096	c38f	n/a	2038
5096.01		431f	431
5096.02		432f	432
5097	c39a	n/a	2039
5097.01		455a(*)	455
5097.02		455a(‚Ä†)	455
5097.03		457a	457
5097.04		456a	456
5098	c40a(*)	n/a	2040
5098.01		99b	99
5098.02		84e	84
5098.03		82d(i)	82
5098.04		82d(ii)	82
5098.05		105b	105
5098.06		106b	106
5098.07		125c(i)	125
5098.08		125c(ii)	125
5099	c40a(‚Ä†)	n/a	2040
5100	c41a	n/a	2041
5100.01		418b	418
5101	c42a	n/a	2042
5101.01		489a	489
5101.02		278b	278
5102	c43a(i)	n/a	2043
5102.01		184b	184
5102.02		185b(i)	185
5102.03		185b(ii)	185
5102.04		231b(i)	231
5102.05		231b(ii)	231
5102.06		252b(i*)	252
5102.07		252b(i‚Ä†)	252
5102.08		252b(ii)	252
5102.09		230c(i)	230
5102.10		230c(ii)	230
5102.11		214b(i)	214
5102.12		214b(ii)	214
5103	c43a(ii)	n/a	2043
5104	c44a	n/a	2044
5104.01		439a(ii)	439
5105	c45a	n/a	2045
5105.01		528a	528
5105.02		529a	529
5105.03		530a	530
5106	c46a	n/a	2046
5106.01		209c	209
5106.02		196d	196
5106.03		260c	260
5106.04		261c	261
5107	c47a(i*)	n/a	2047
5107.01		543a	543
5107.02		544a	544
5108	c47a(i‚Ä†)	n/a	2047
5109	c47a(ii*)	n/a	2047
5110	c47a(ii‚Ä†)	n/a	2047
5111	c48a	n/a	2048
5111.01		547a	547
5111.02		548a	548
5112	c48b(i)	n/a	2048
5112.01		547b	547
5112.02		548b	548
5113	c48b(ii)	n/a	2048
5114	c48c(i)	n/a	2048
5114.01		547c	547
5114.02		548c	548
5114.03		469c	469
5114.04		469d	469
5115	c48c(ii)	n/a	2048
5116	c48d(i)	n/a	2048
5116.01		547d	547
5116.02		548d	548
5116.03		431g	431
5116.04		432g	432
5116.05		469e	469
5117	c48d(ii)	n/a	2048
5118	c49a	n/a	2049
5118.01		513a	513
5118.02		514a	514
5118.03		540a(i)	540
5118.04		540a(ii‚Ä†)	540
5118.05		542a(i)	542
5118.06		542a(ii‚Ä†)	542
5118.09		576a	576
5118.10		581a	581
5119	c50a	n/a	2050
5119.01		551a	551
5119.02		552a	552
5120	c51a(i)	n/a	2051
5120.01		585a(i)	585
5120.02		585a(ii)	585
5121	c51a(ii)	n/a	2051
5122	c51a(iii)	n/a	2051
5123	c51a(iv)	n/a	2051
5124	c52a(i)	n/a	2052
5124.01		606a	606
5124.02		350b	350
5124.03		607a	607
5124.04		608a	608
5124.05		609a	609
5124.06		610a	610
5124.07		585b	585
5124.08		381b	381
5124.09		385b	385
5124.10		407b	407
5124.11		611a	611
5124.12		612a	612
5124.13		411b	411
5124.14		437b	437
5124.15		452b	452
5124.16		613a	613
5124.17		614a	614
5124.18		615a	615
5124.19		616a	616
5124.20		617a	617
5124.21		618a	618
5125	c52a(ii)	n/a	2052
5125.01		457b(i)	457
5126	c53a	n/a	2053
5126.01		496b	496
5126.02		496b(cancel)	496
5127	c53b	n/a	2053
5127.01		496c	496
5128	c53c(i)	n/a	2053
5128.01		496d	496
5129	c53c(ii)	n/a	2053
5130	c54a(i)	n/a	2054
5130.01		600a(i)	600
5131	c54a(ii)	n/a	2054
5131.01		600a(ii)	600
5132	c55a	n/a	2055
5132.01		619a	619
5132.02		620a	620
5133	c56a	n/a	2056
5133.01		625a	625
5133.02		524b	524
5134	c57a	n/a	2057
5134.01		627a	627
5135	c58a(*)	n/a	2058
5135.01		541b(*)	541
5135.02		541b(‚Ä†)	541
5135.03		628a	628
5135.04		621b	621
5136	c58a(‚Ä†)	n/a	2058
5137	c58a(¬ß)	n/a	2058
5138	c58b	n/a	2058
5138.01		541c	541
5138.02		628b	628
5138.03		621c	621
5139	c58c(i)	n/a	2058
5139.01		541d	541
5139.02		628c	628
5139.03		621d	621
5140	c58c(ii)	n/a	2058
5140.04		811a	811
5141	c59a(i)	n/a	2059
5141.01		633a	633
5141.02		634a	634
5142	c59a(ii)	n/a	2059
5143	c60a	n/a	2060
5143.01		637a	637
5143.02		638a	638
5143.03		639a	639
5143.04		640a	640
5143.05		641a	641
5143.06		642a	642
5143.07		643a	643
5143.08		644a	644
5143.09		645a	645
5143.10		646a	646
5143.11		647a	647
5143.12		648a	648
5143.13		649a	649
5143.14		650a	650
5143.15		651a	651
5143.16		652a	652
5143.17		653a	653
5143.18		654a	654
5143.19		655a	655
5143.20		656a	656
5143.21		657a	657
5143.22		658a	658
5143.23		659a	659
5143.24		660a	660
5143.25		661a	661
5143.26		662a	662
5143.27		663a	663
5143.28		664a	664
5143.29		665a	665
5143.30		666a	666
5143.31		667a	667
5143.32		668a	668
5143.33		669a	669
5143.34		309b	309
5143.35		670a	670
5144	c61a	n/a	2061
5144.01		L19a	1019
5144.02		L20a	1020
5144.03		L21a	1021
5144.04		L22a	1022
5145	c62a	n/a	2062
5145.01		681a(ii)	681
5145.02		692a	692
5146	c63a	n/a	2063
5146.01		701a	701
5146.02		570c	570
5146.03		702a	702
5146.04		703a(*)	703
5146.05		703a(‚Ä†)	703
5147	c64a	n/a	2064
5147.01		146a	146
5147.02		159a(*)	159
5147.03		219a	219
5147.04		"236a(*1, ‚Ä†2)"	236
5147.05		226a	226
5147.06		246a(*)	246
5148	c65a	n/a	2065
5148.01		203a	203
5148.02		252a	252
5148.03		214a	214
5148.04		231a(i)	231
5148.05		230a	230
5148.06		184a	184
5148.07		185a	185
5148.08		315c(ii)	315
5149	c66a	n/a	2066
5149.01		420a(*)	420
5149.02		486a(i)	486
5149.03		480a	480
5149.04		478a	478
5149.05		491a(*)	491
5149.06		532a	532
5149.07		555a	555
5150	c67a(i)	n/a	2067
5150.01		309c	309
5151	c67a(ii)	n/a	2067
5152	c67a(iii)	n/a	2067
5153	c68a(i)	n/a	2068
5153.01		718a	718
5153.02		719a	719
5153.03		720a	720
5153.04		721a	721
5153.05		722a	722
5154	c68a(ii)	n/a	2068
5155	c69a(i)	n/a	2069
5155.01		723a	723
5155.02		724a	724
5155.03		725a	725
5155.04		726a	726
5155.05		727a	727
5155.06		728a	728
5156	c69a(ii)	n/a	2069
5156.01		747a(i)	747
5156.02		752a(i)	752
5157	c70a	n/a	2070
5157.01		731a	731
5157.02		732a	732
5158	c71a	n/a	2071
5158.01		553a(ii)	553
5158.02		554a(ii)	554
5159	c72a(i)	n/a	2072
5159.01		743a	743
5160	c72a(ii)	n/a	2072
5161	c73a(i)	n/a	2073
5161.01		750a(i)	750
5161.02		751a(i)	751
5162	c73a(ii)	n/a	2073
5162.01		750a(ii)	750
5162.02		751a(ii)	751
5163	c74a(i)	n/a	2074
5163.01		754a(i)	754
5163.02		755a	755
5163.03		756a	756
5163.04		757a	757
5164	c74a(ii)	n/a	2074
5164.01		754a(ii)	754
5164.02		769a	769
5165	c75a	n/a	2075
5165.01		758a	758
5165.02		759a	759
5165.03		760a	760
5166	c76a(i)	n/a	2076
5166.01		768a	768
5167	c76a(ii)	n/a	2076
5168	c76a(iii)	n/a	2076
5169	c77a	n/a	2077
5169.01		447b	447
5169.02		458b	458
5169.03		485b	485
5170	c78a	n/a	2078
5170.01		779a	779
5170.02		780a	780
5171	c79a	n/a	2079
5171.01		781a	781
5171.02		782a	782
5172	c80a	n/a	2080
5172.01		592a	592
5172.02		593a	593
5173	c81a(i)	n/a	2081
5173.01		795a	795
5173.02		771b(i)	771
5173.03		796a(i)	796
5174	c81a(ii)	n/a	2081
5175	c81a(iii)	n/a	2081
5176	c82a(i)	n/a	2082
5176.01		568b(i)	568
5176.02		671b(i)	671
5176.03		671a(i)	671
5176.04		671b(ii)	671
5177	c82a(ii)	n/a	2082
5178	c82a(iii)	n/a	2082
5178.01		671a(ii)	671
5179	c83a(i)	n/a	2083
5179.01		473b(i)	473
5179.02		789a	789
5180	c83a(ii)	n/a	2083
5181	c83a(iii)	n/a	2083
5182	c84a	n/a	2084
5182.01		806a	806
5182.02		806a(cancel)	806
5182.03		807a	807
5182.04		808a	808
5182.05		809a	809
5182.06		810a	810
5183	c85a	n/a	2085